/*********************************************************************************************************************
* CH32V307VCT6 Opensourec Library 即（CH32V307VCT6 开源库）是一个基于官方 SDK 接口的第三方开源库
* Copyright (c) 2022 SEEKFREE 逐飞科技
*
* 本文件是CH32V307VCT6 开源库的一部分
*
* CH32V307VCT6 开源库 是免费软件
* 您可以根据自由软件基金会发布的 GPL（GNU General Public License，即 GNU通用公共许可证）的条款
* 即 GPL 的第3版（即 GPL3.0）或（您选择的）任何后来的版本，重新发布和/或修改它
*
* 本开源库的发布是希望它能发挥作用，但并未对其作任何的保证
* 甚至没有隐含的适销性或适合特定用途的保证
* 更多细节请参见 GPL
*
* 您应该在收到本开源库的同时收到一份 GPL 的副本
* 如果没有，请参阅<https://www.gnu.org/licenses/>
*
* 额外注明：
* 本开源库使用 GPL3.0 开源许可证协议 以上许可申明为译文版本
* 许可申明英文版在 libraries/doc 文件夹下的 GPL3_permission_statement.txt 文件中
* 许可证副本在 libraries 文件夹下 即该文件夹下的 LICENSE 文件
* 欢迎各位使用并传播本程序 但修改内容时必须保留逐飞科技的版权声明（即本声明）
*
* 文件名称          zf_common_font
* 公司名称          成都逐飞科技有限公司
* 版本信息          查看 libraries/doc 文件夹内 version 文件 版本说明
* 开发环境          MounRiver Studio V1.8.1
* 适用平台          CH32V307VCT6
* 店铺链接          https://seekfree.taobao.com/
*
* 修改记录
* 日期                                      作者                             备注
* 2022-09-15        大W            first version
********************************************************************************************************************/

#include "zf_common_font.h"

const uint8 ascii_default_8x16[][16]=
{
    // <阴码> <列行式> <逆向> <8*16>
    // <纵向 8bit 为一个数据模型> <横向取模>

    // 字模数据储存格式为：{byte1, byte2,....byte16}

    // 字模数据与像素对应关系
    // byte 1      2      3      4      5      6      7      8
    // bit  [  0]  [  8]  [ 16]  [ 24]  [ 32]  [ 40]  [ 48]  [ 56]
    // bit  [  1]  [  9]  [ 17]  [ 25]  [ 33]  [ 41]  [ 49]  [ 57]
    // bit  [  2]  [ 10]  [ 18]  [ 26]  [ 34]  [ 42]  [ 50]  [ 58]
    // bit  [  3]  [ 11]  [ 19]  [ 37]  [ 35]  [ 43]  [ 51]  [ 59]
    // bit  [  4]  [ 12]  [ 20]  [ 38]  [ 36]  [ 44]  [ 52]  [ 60]
    // bit  [  5]  [ 13]  [ 21]  [ 39]  [ 37]  [ 45]  [ 53]  [ 61]
    // bit  [  6]  [ 14]  [ 22]  [ 30]  [ 38]  [ 46]  [ 54]  [ 62]
    // bit  [  7]  [ 15]  [ 23]  [ 31]  [ 39]  [ 47]  [ 55]  [ 63]

    // byte 9      10     11     12     13     14     15     16
    // bit  [ 64]  [ 72]  [ 80]  [ 88]  [ 96]  [104]  [112]  [120]
    // bit  [ 65]  [ 73]  [ 81]  [ 89]  [ 97]  [105]  [113]  [121]
    // bit  [ 66]  [ 74]  [ 82]  [ 90]  [ 98]  [106]  [114]  [122]
    // bit  [ 67]  [ 75]  [ 83]  [ 91]  [ 99]  [107]  [115]  [123]
    // bit  [ 68]  [ 76]  [ 84]  [ 92]  [100]  [108]  [116]  [124]
    // bit  [ 69]  [ 77]  [ 85]  [ 93]  [101]  [109]  [117]  [125]
    // bit  [ 70]  [ 78]  [ 86]  [ 94]  [102]  [110]  [118]  [126]
    // bit  [ 71]  [ 79]  [ 87]  [ 95]  [103]  [111]  [119]  [127]

    {0x00,0x00,0x00,0x00,0x00,0x00,0x00,0x00,0x00,0x00,0x00,0x00,0x00,0x00,0x00,0x00},  //   0
    {0x00,0x00,0x00,0xF8,0x00,0x00,0x00,0x00,0x00,0x00,0x00,0x33,0x30,0x00,0x00,0x00},  // ! 1
    {0x00,0x10,0x0C,0x06,0x10,0x0C,0x06,0x00,0x00,0x00,0x00,0x00,0x00,0x00,0x00,0x00},  // " 2
    {0x40,0xC0,0x78,0x40,0xC0,0x78,0x40,0x00,0x04,0x3F,0x04,0x04,0x3F,0x04,0x04,0x00},  // # 3
    {0x00,0x70,0x88,0xFC,0x08,0x30,0x00,0x00,0x00,0x18,0x20,0xFF,0x21,0x1E,0x00,0x00},  // $ 4
    {0xF0,0x08,0xF0,0x00,0xE0,0x18,0x00,0x00,0x00,0x21,0x1C,0x03,0x1E,0x21,0x1E,0x00},  // % 5
    {0x00,0xF0,0x08,0x88,0x70,0x00,0x00,0x00,0x1E,0x21,0x23,0x24,0x19,0x27,0x21,0x10},  // & 6
    {0x10,0x16,0x0E,0x00,0x00,0x00,0x00,0x00,0x00,0x00,0x00,0x00,0x00,0x00,0x00,0x00},  // ' 7
    {0x00,0x00,0x00,0xE0,0x18,0x04,0x02,0x00,0x00,0x00,0x00,0x07,0x18,0x20,0x40,0x00},  // ( 8
    {0x00,0x02,0x04,0x18,0xE0,0x00,0x00,0x00,0x00,0x40,0x20,0x18,0x07,0x00,0x00,0x00},  // ) 9
    {0x40,0x40,0x80,0xF0,0x80,0x40,0x40,0x00,0x02,0x02,0x01,0x0F,0x01,0x02,0x02,0x00},  // * 10
    {0x00,0x00,0x00,0xF0,0x00,0x00,0x00,0x00,0x01,0x01,0x01,0x1F,0x01,0x01,0x01,0x00},  // + 11
    {0x00,0x00,0x00,0x00,0x00,0x00,0x00,0x00,0x80,0xB0,0x70,0x00,0x00,0x00,0x00,0x00},  // , 12
    {0x00,0x00,0x00,0x00,0x00,0x00,0x00,0x00,0x00,0x01,0x01,0x01,0x01,0x01,0x01,0x01},  // - 13
    {0x00,0x00,0x00,0x00,0x00,0x00,0x00,0x00,0x00,0x30,0x30,0x00,0x00,0x00,0x00,0x00},  // . 14
    {0x00,0x00,0x00,0x00,0x80,0x60,0x18,0x04,0x00,0x60,0x18,0x06,0x01,0x00,0x00,0x00},  // / 15
    {0x00,0xE0,0x10,0x08,0x08,0x10,0xE0,0x00,0x00,0x0F,0x10,0x20,0x20,0x10,0x0F,0x00},  // 0 16
    {0x00,0x10,0x10,0xF8,0x00,0x00,0x00,0x00,0x00,0x20,0x20,0x3F,0x20,0x20,0x00,0x00},  // 1 17
    {0x00,0x70,0x08,0x08,0x08,0x88,0x70,0x00,0x00,0x30,0x28,0x24,0x22,0x21,0x30,0x00},  // 2 18
    {0x00,0x30,0x08,0x88,0x88,0x48,0x30,0x00,0x00,0x18,0x20,0x20,0x20,0x11,0x0E,0x00},  // 3 19
    {0x00,0x00,0xC0,0x20,0x10,0xF8,0x00,0x00,0x00,0x07,0x04,0x24,0x24,0x3F,0x24,0x00},  // 4 20
    {0x00,0xF8,0x08,0x88,0x88,0x08,0x08,0x00,0x00,0x19,0x21,0x20,0x20,0x11,0x0E,0x00},  // 5 21
    {0x00,0xE0,0x10,0x88,0x88,0x18,0x00,0x00,0x00,0x0F,0x11,0x20,0x20,0x11,0x0E,0x00},  // 6 22
    {0x00,0x38,0x08,0x08,0xC8,0x38,0x08,0x00,0x00,0x00,0x00,0x3F,0x00,0x00,0x00,0x00},  // 7 23
    {0x00,0x70,0x88,0x08,0x08,0x88,0x70,0x00,0x00,0x1C,0x22,0x21,0x21,0x22,0x1C,0x00},  // 8 24
    {0x00,0xE0,0x10,0x08,0x08,0x10,0xE0,0x00,0x00,0x00,0x31,0x22,0x22,0x11,0x0F,0x00},  // 9 25
    {0x00,0x00,0x00,0xC0,0xC0,0x00,0x00,0x00,0x00,0x00,0x00,0x30,0x30,0x00,0x00,0x00},  // : 26
    {0x00,0x00,0x00,0x80,0x00,0x00,0x00,0x00,0x00,0x00,0x80,0x60,0x00,0x00,0x00,0x00},  // ; 27
    {0x00,0x00,0x80,0x40,0x20,0x10,0x08,0x00,0x00,0x01,0x02,0x04,0x08,0x10,0x20,0x00},  // < 28
    {0x40,0x40,0x40,0x40,0x40,0x40,0x40,0x00,0x04,0x04,0x04,0x04,0x04,0x04,0x04,0x00},  // = 29
    {0x00,0x08,0x10,0x20,0x40,0x80,0x00,0x00,0x00,0x20,0x10,0x08,0x04,0x02,0x01,0x00},  // > 30
    {0x00,0x70,0x48,0x08,0x08,0x08,0xF0,0x00,0x00,0x00,0x00,0x30,0x36,0x01,0x00,0x00},  // ? 31
    {0xC0,0x30,0xC8,0x28,0xE8,0x10,0xE0,0x00,0x07,0x18,0x27,0x24,0x23,0x14,0x0B,0x00},  // @ 32
    {0x00,0x00,0xC0,0x38,0xE0,0x00,0x00,0x00,0x20,0x3C,0x23,0x02,0x02,0x27,0x38,0x20},  // A 33
    {0x08,0xF8,0x88,0x88,0x88,0x70,0x00,0x00,0x20,0x3F,0x20,0x20,0x20,0x11,0x0E,0x00},  // B 34
    {0xC0,0x30,0x08,0x08,0x08,0x08,0x38,0x00,0x07,0x18,0x20,0x20,0x20,0x10,0x08,0x00},  // C 35
    {0x08,0xF8,0x08,0x08,0x08,0x10,0xE0,0x00,0x20,0x3F,0x20,0x20,0x20,0x10,0x0F,0x00},  // D 36
    {0x08,0xF8,0x88,0x88,0xE8,0x08,0x10,0x00,0x20,0x3F,0x20,0x20,0x23,0x20,0x18,0x00},  // E 37
    {0x08,0xF8,0x88,0x88,0xE8,0x08,0x10,0x00,0x20,0x3F,0x20,0x00,0x03,0x00,0x00,0x00},  // F 38
    {0xC0,0x30,0x08,0x08,0x08,0x38,0x00,0x00,0x07,0x18,0x20,0x20,0x22,0x1E,0x02,0x00},  // G 39
    {0x08,0xF8,0x08,0x00,0x00,0x08,0xF8,0x08,0x20,0x3F,0x21,0x01,0x01,0x21,0x3F,0x20},  // H 40
    {0x00,0x08,0x08,0xF8,0x08,0x08,0x00,0x00,0x00,0x20,0x20,0x3F,0x20,0x20,0x00,0x00},  // I 41
    {0x00,0x00,0x08,0x08,0xF8,0x08,0x08,0x00,0xC0,0x80,0x80,0x80,0x7F,0x00,0x00,0x00},  // J 42
    {0x08,0xF8,0x88,0xC0,0x28,0x18,0x08,0x00,0x20,0x3F,0x20,0x01,0x26,0x38,0x20,0x00},  // K 43
    {0x08,0xF8,0x08,0x00,0x00,0x00,0x00,0x00,0x20,0x3F,0x20,0x20,0x20,0x20,0x30,0x00},  // L 44
    {0x08,0xF8,0xF8,0x00,0xF8,0xF8,0x08,0x00,0x20,0x3F,0x00,0x3F,0x00,0x3F,0x20,0x00},  // M 45
    {0x08,0xF8,0x30,0xC0,0x00,0x08,0xF8,0x08,0x20,0x3F,0x20,0x00,0x07,0x18,0x3F,0x00},  // N 46
    {0xE0,0x10,0x08,0x08,0x08,0x10,0xE0,0x00,0x0F,0x10,0x20,0x20,0x20,0x10,0x0F,0x00},  // O 47
    {0x08,0xF8,0x08,0x08,0x08,0x08,0xF0,0x00,0x20,0x3F,0x21,0x01,0x01,0x01,0x00,0x00},  // P 48
    {0xE0,0x10,0x08,0x08,0x08,0x10,0xE0,0x00,0x0F,0x18,0x24,0x24,0x38,0x50,0x4F,0x00},  // Q 49
    {0x08,0xF8,0x88,0x88,0x88,0x88,0x70,0x00,0x20,0x3F,0x20,0x00,0x03,0x0C,0x30,0x20},  // R 50
    {0x00,0x70,0x88,0x08,0x08,0x08,0x38,0x00,0x00,0x38,0x20,0x21,0x21,0x22,0x1C,0x00},  // S 51
    {0x18,0x08,0x08,0xF8,0x08,0x08,0x18,0x00,0x00,0x00,0x20,0x3F,0x20,0x00,0x00,0x00},  // T 52
    {0x08,0xF8,0x08,0x00,0x00,0x08,0xF8,0x08,0x00,0x1F,0x20,0x20,0x20,0x20,0x1F,0x00},  // U 53
    {0x08,0x78,0x88,0x00,0x00,0xC8,0x38,0x08,0x00,0x00,0x07,0x38,0x0E,0x01,0x00,0x00},  // V 54
    {0xF8,0x08,0x00,0xF8,0x00,0x08,0xF8,0x00,0x03,0x3C,0x07,0x00,0x07,0x3C,0x03,0x00},  // W 55
    {0x08,0x18,0x68,0x80,0x80,0x68,0x18,0x08,0x20,0x30,0x2C,0x03,0x03,0x2C,0x30,0x20},  // X 56
    {0x08,0x38,0xC8,0x00,0xC8,0x38,0x08,0x00,0x00,0x00,0x20,0x3F,0x20,0x00,0x00,0x00},  // Y 57
    {0x10,0x08,0x08,0x08,0xC8,0x38,0x08,0x00,0x20,0x38,0x26,0x21,0x20,0x20,0x18,0x00},  // Z 58
    {0x00,0x00,0x00,0xFE,0x02,0x02,0x02,0x00,0x00,0x00,0x00,0x7F,0x40,0x40,0x40,0x00},  // [ 59
    {0x00,0x0C,0x30,0xC0,0x00,0x00,0x00,0x00,0x00,0x00,0x00,0x01,0x06,0x38,0xC0,0x00},  // \ 60
    {0x00,0x02,0x02,0x02,0xFE,0x00,0x00,0x00,0x00,0x40,0x40,0x40,0x7F,0x00,0x00,0x00},  // ] 61
    {0x00,0x00,0x04,0x02,0x02,0x02,0x04,0x00,0x00,0x00,0x00,0x00,0x00,0x00,0x00,0x00},  // ^ 62
    {0x00,0x00,0x00,0x00,0x00,0x00,0x00,0x00,0x80,0x80,0x80,0x80,0x80,0x80,0x80,0x80},  // _ 63
    {0x00,0x02,0x02,0x04,0x00,0x00,0x00,0x00,0x00,0x00,0x00,0x00,0x00,0x00,0x00,0x00},  // ` 64
    {0x00,0x00,0x80,0x80,0x80,0x80,0x00,0x00,0x00,0x19,0x24,0x22,0x22,0x22,0x3F,0x20},  // a 65
    {0x08,0xF8,0x00,0x80,0x80,0x00,0x00,0x00,0x00,0x3F,0x11,0x20,0x20,0x11,0x0E,0x00},  // b 66
    {0x00,0x00,0x00,0x80,0x80,0x80,0x00,0x00,0x00,0x0E,0x11,0x20,0x20,0x20,0x11,0x00},  // c 67
    {0x00,0x00,0x00,0x80,0x80,0x88,0xF8,0x00,0x00,0x0E,0x11,0x20,0x20,0x10,0x3F,0x20},  // d 68
    {0x00,0x00,0x80,0x80,0x80,0x80,0x00,0x00,0x00,0x1F,0x22,0x22,0x22,0x22,0x13,0x00},  // e 69
    {0x00,0x80,0x80,0xF0,0x88,0x88,0x88,0x18,0x00,0x20,0x20,0x3F,0x20,0x20,0x00,0x00},  // f 70
    {0x00,0x00,0x80,0x80,0x80,0x80,0x80,0x00,0x00,0x6B,0x94,0x94,0x94,0x93,0x60,0x00},  // g 71
    {0x08,0xF8,0x00,0x80,0x80,0x80,0x00,0x00,0x20,0x3F,0x21,0x00,0x00,0x20,0x3F,0x20},  // h 72
    {0x00,0x80,0x98,0x98,0x00,0x00,0x00,0x00,0x00,0x20,0x20,0x3F,0x20,0x20,0x00,0x00},  // i 73
    {0x00,0x00,0x00,0x80,0x98,0x98,0x00,0x00,0x00,0xC0,0x80,0x80,0x80,0x7F,0x00,0x00},  // j 74
    {0x08,0xF8,0x00,0x00,0x80,0x80,0x80,0x00,0x20,0x3F,0x24,0x02,0x2D,0x30,0x20,0x00},  // k 75
    {0x00,0x08,0x08,0xF8,0x00,0x00,0x00,0x00,0x00,0x20,0x20,0x3F,0x20,0x20,0x00,0x00},  // l 76
    {0x80,0x80,0x80,0x80,0x80,0x80,0x80,0x00,0x20,0x3F,0x20,0x00,0x3F,0x20,0x00,0x3F},  // m 77
    {0x80,0x80,0x00,0x80,0x80,0x80,0x00,0x00,0x20,0x3F,0x21,0x00,0x00,0x20,0x3F,0x20},  // n 78
    {0x00,0x00,0x80,0x80,0x80,0x80,0x00,0x00,0x00,0x1F,0x20,0x20,0x20,0x20,0x1F,0x00},  // o 79
    {0x80,0x80,0x00,0x80,0x80,0x00,0x00,0x00,0x80,0xFF,0xA1,0x20,0x20,0x11,0x0E,0x00},  // p 80
    {0x00,0x00,0x00,0x80,0x80,0x80,0x80,0x00,0x00,0x0E,0x11,0x20,0x20,0xA0,0xFF,0x80},  // q 81
    {0x80,0x80,0x80,0x00,0x80,0x80,0x80,0x00,0x20,0x20,0x3F,0x21,0x20,0x00,0x01,0x00},  // r 82
    {0x00,0x00,0x80,0x80,0x80,0x80,0x80,0x00,0x00,0x33,0x24,0x24,0x24,0x24,0x19,0x00},  // s 83
    {0x00,0x80,0x80,0xE0,0x80,0x80,0x00,0x00,0x00,0x00,0x00,0x1F,0x20,0x20,0x00,0x00},  // t 84
    {0x80,0x80,0x00,0x00,0x00,0x80,0x80,0x00,0x00,0x1F,0x20,0x20,0x20,0x10,0x3F,0x20},  // u 85
    {0x80,0x80,0x80,0x00,0x00,0x80,0x80,0x80,0x00,0x01,0x0E,0x30,0x08,0x06,0x01,0x00},  // v 86
    {0x80,0x80,0x00,0x80,0x00,0x80,0x80,0x80,0x0F,0x30,0x0C,0x03,0x0C,0x30,0x0F,0x00},  // w 87
    {0x00,0x80,0x80,0x00,0x80,0x80,0x80,0x00,0x00,0x20,0x31,0x2E,0x0E,0x31,0x20,0x00},  // x 88
    {0x80,0x80,0x80,0x00,0x00,0x80,0x80,0x80,0x80,0x81,0x8E,0x70,0x18,0x06,0x01,0x00},  // y 89
    {0x00,0x80,0x80,0x80,0x80,0x80,0x80,0x00,0x00,0x21,0x30,0x2C,0x22,0x21,0x30,0x00},  // z 90
    {0x00,0x00,0x00,0x00,0x80,0x7C,0x02,0x02,0x00,0x00,0x00,0x00,0x00,0x3F,0x40,0x40},  // { 91
    {0x00,0x00,0x00,0x00,0xFF,0x00,0x00,0x00,0x00,0x00,0x00,0x00,0xFF,0x00,0x00,0x00},  // | 92
    {0x00,0x02,0x02,0x7C,0x80,0x00,0x00,0x00,0x00,0x40,0x40,0x3F,0x00,0x00,0x00,0x00},  // } 93
    {0x00,0x06,0x01,0x01,0x02,0x02,0x04,0x04,0x00,0x00,0x00,0x00,0x00,0x00,0x00,0x00}   // ~ 94
};

const uint8 ascii_default_6x8[][6] =
{
    // <阴码> <列行式> <逆向> <6*8>
    // <纵向 8bit 为一个数据模型> <横向取模>

    // 字模数据储存格式为：{byte1, byte2,....byte6}

    // 字模数据与像素对应关系
    // byte 1      2      3      4      5      6
    // bit  [  0]  [  8]  [ 16]  [ 24]  [ 32]  [ 40]
    // bit  [  1]  [  9]  [ 17]  [ 25]  [ 33]  [ 41]
    // bit  [  2]  [ 10]  [ 18]  [ 26]  [ 34]  [ 42]
    // bit  [  3]  [ 11]  [ 19]  [ 37]  [ 35]  [ 43]
    // bit  [  4]  [ 12]  [ 20]  [ 38]  [ 36]  [ 44]
    // bit  [  5]  [ 13]  [ 21]  [ 39]  [ 37]  [ 45]
    // bit  [  6]  [ 14]  [ 22]  [ 30]  [ 38]  [ 46]
    // bit  [  7]  [ 15]  [ 23]  [ 31]  [ 39]  [ 47]


    { 0x00, 0x00, 0x00, 0x00, 0x00, 0x00 },     //    0
    { 0x00, 0x00, 0x00, 0x2f, 0x00, 0x00 },     // !  1
    { 0x00, 0x00, 0x07, 0x00, 0x07, 0x00 },     // "  2
    { 0x00, 0x14, 0x7f, 0x14, 0x7f, 0x14 },     // #  3
    { 0x00, 0x24, 0x2a, 0x7f, 0x2a, 0x12 },     // $  4
    { 0x00, 0x62, 0x64, 0x08, 0x13, 0x23 },     // %  5
    { 0x00, 0x36, 0x49, 0x55, 0x22, 0x50 },     // &  6
    { 0x00, 0x00, 0x05, 0x03, 0x00, 0x00 },     // '  7
    { 0x00, 0x00, 0x1c, 0x22, 0x41, 0x00 },     // (  8
    { 0x00, 0x00, 0x41, 0x22, 0x1c, 0x00 },     // )  9
    { 0x00, 0x14, 0x08, 0x3E, 0x08, 0x14 },     // * 10
    { 0x00, 0x08, 0x08, 0x3E, 0x08, 0x08 },     // + 11
    { 0x00, 0x00, 0x00, 0xA0, 0x60, 0x00 },     // , 12
    { 0x00, 0x08, 0x08, 0x08, 0x08, 0x08 },     // - 13
    { 0x00, 0x00, 0x60, 0x60, 0x00, 0x00 },     // . 14
    { 0x40, 0x20, 0x10, 0x08, 0x04, 0x02 },     // / 15
    { 0x00, 0x3E, 0x51, 0x49, 0x45, 0x3E },     // 0 16
    { 0x00, 0x00, 0x42, 0x7F, 0x40, 0x00 },     // 1 17
    { 0x00, 0x42, 0x61, 0x51, 0x49, 0x46 },     // 2 18
    { 0x00, 0x21, 0x41, 0x45, 0x4B, 0x31 },     // 3 19
    { 0x00, 0x18, 0x14, 0x12, 0x7F, 0x10 },     // 4 20
    { 0x00, 0x27, 0x45, 0x45, 0x45, 0x39 },     // 5 21
    { 0x00, 0x3C, 0x4A, 0x49, 0x49, 0x30 },     // 6 22
    { 0x00, 0x01, 0x71, 0x09, 0x05, 0x03 },     // 7 23
    { 0x00, 0x36, 0x49, 0x49, 0x49, 0x36 },     // 8 24
    { 0x00, 0x06, 0x49, 0x49, 0x29, 0x1E },     // 9 25
    { 0x00, 0x00, 0x36, 0x36, 0x00, 0x00 },     // : 26
    { 0x00, 0x00, 0x56, 0x36, 0x00, 0x00 },     // ; 27
    { 0x00, 0x08, 0x14, 0x22, 0x41, 0x00 },     // < 28
    { 0x00, 0x14, 0x14, 0x14, 0x14, 0x14 },     // = 29
    { 0x00, 0x00, 0x41, 0x22, 0x14, 0x08 },     // > 30
    { 0x00, 0x02, 0x01, 0x51, 0x09, 0x06 },     // ? 31
    { 0x00, 0x32, 0x49, 0x59, 0x51, 0x3E },     // @ 32
    { 0x00, 0x7C, 0x12, 0x11, 0x12, 0x7C },     // A 33
    { 0x00, 0x7F, 0x49, 0x49, 0x49, 0x36 },     // B 34
    { 0x00, 0x3E, 0x41, 0x41, 0x41, 0x22 },     // C 35
    { 0x00, 0x7F, 0x41, 0x41, 0x22, 0x1C },     // D 36
    { 0x00, 0x7F, 0x49, 0x49, 0x49, 0x41 },     // E 37
    { 0x00, 0x7F, 0x09, 0x09, 0x09, 0x01 },     // F 38
    { 0x00, 0x3E, 0x41, 0x49, 0x49, 0x7A },     // G 39
    { 0x00, 0x7F, 0x08, 0x08, 0x08, 0x7F },     // H 40
    { 0x00, 0x00, 0x41, 0x7F, 0x41, 0x00 },     // I 41
    { 0x00, 0x20, 0x40, 0x41, 0x3F, 0x01 },     // J 42
    { 0x00, 0x7F, 0x08, 0x14, 0x22, 0x41 },     // K 43
    { 0x00, 0x7F, 0x40, 0x40, 0x40, 0x40 },     // L 44
    { 0x00, 0x7F, 0x02, 0x0C, 0x02, 0x7F },     // M 45
    { 0x00, 0x7F, 0x04, 0x08, 0x10, 0x7F },     // N 46
    { 0x00, 0x3E, 0x41, 0x41, 0x41, 0x3E },     // O 47
    { 0x00, 0x7F, 0x09, 0x09, 0x09, 0x06 },     // P 48
    { 0x00, 0x3E, 0x41, 0x51, 0x21, 0x5E },     // Q 49
    { 0x00, 0x7F, 0x09, 0x19, 0x29, 0x46 },     // R 50
    { 0x00, 0x46, 0x49, 0x49, 0x49, 0x31 },     // S 51
    { 0x00, 0x01, 0x01, 0x7F, 0x01, 0x01 },     // T 52
    { 0x00, 0x3F, 0x40, 0x40, 0x40, 0x3F },     // U 53
    { 0x00, 0x1F, 0x20, 0x40, 0x20, 0x1F },     // V 54
    { 0x00, 0x3F, 0x40, 0x38, 0x40, 0x3F },     // W 55
    { 0x00, 0x63, 0x14, 0x08, 0x14, 0x63 },     // X 56
    { 0x00, 0x07, 0x08, 0x70, 0x08, 0x07 },     // Y 57
    { 0x00, 0x61, 0x51, 0x49, 0x45, 0x43 },     // Z 58
    { 0x00, 0x00, 0x7F, 0x41, 0x41, 0x00 },     // [ 59
    { 0x02, 0x04, 0x08, 0x10, 0x20, 0x40 },     // \ 60
    { 0x00, 0x00, 0x41, 0x41, 0x7F, 0x00 },     // ] 61
    { 0x00, 0x04, 0x02, 0x01, 0x02, 0x04 },     // ^ 62
    { 0x00, 0x40, 0x40, 0x40, 0x40, 0x40 },     // _ 63
    { 0x00, 0x00, 0x01, 0x02, 0x04, 0x00 },     // ` 64
    { 0x00, 0x20, 0x54, 0x54, 0x54, 0x78 },     // a 65
    { 0x00, 0x7F, 0x48, 0x44, 0x44, 0x38 },     // b 66
    { 0x00, 0x38, 0x44, 0x44, 0x44, 0x20 },     // c 67
    { 0x00, 0x38, 0x44, 0x44, 0x48, 0x7F },     // d 68
    { 0x00, 0x38, 0x54, 0x54, 0x54, 0x18 },     // e 69
    { 0x00, 0x08, 0x7E, 0x09, 0x01, 0x02 },     // f 70
    { 0x00, 0x18, 0xA4, 0xA4, 0xA4, 0x7C },     // g 71
    { 0x00, 0x7F, 0x08, 0x04, 0x04, 0x78 },     // h 72
    { 0x00, 0x00, 0x44, 0x7D, 0x40, 0x00 },     // i 73
    { 0x00, 0x40, 0x80, 0x84, 0x7D, 0x00 },     // j 74
    { 0x00, 0x7F, 0x10, 0x28, 0x44, 0x00 },     // k 75
    { 0x00, 0x00, 0x41, 0x7F, 0x40, 0x00 },     // l 76
    { 0x00, 0x7C, 0x04, 0x18, 0x04, 0x78 },     // m 77
    { 0x00, 0x7C, 0x08, 0x04, 0x04, 0x78 },     // n 78
    { 0x00, 0x38, 0x44, 0x44, 0x44, 0x38 },     // o 79
    { 0x00, 0xFC, 0x24, 0x24, 0x24, 0x18 },     // p 80
    { 0x00, 0x18, 0x24, 0x24, 0x18, 0xFC },     // q 81
    { 0x00, 0x7C, 0x08, 0x04, 0x04, 0x08 },     // r 82
    { 0x00, 0x48, 0x54, 0x54, 0x54, 0x20 },     // s 83
    { 0x00, 0x04, 0x3F, 0x44, 0x40, 0x20 },     // t 84
    { 0x00, 0x3C, 0x40, 0x40, 0x20, 0x7C },     // u 85
    { 0x00, 0x1C, 0x20, 0x40, 0x20, 0x1C },     // v 86
    { 0x00, 0x3C, 0x40, 0x30, 0x40, 0x3C },     // w 87
    { 0x00, 0x44, 0x28, 0x10, 0x28, 0x44 },     // x 88
    { 0x00, 0x1C, 0xA0, 0xA0, 0xA0, 0x7C },     // y 89
    { 0x00, 0x44, 0x64, 0x54, 0x4C, 0x44 },     // z 90
    { 0x14, 0x14, 0x14, 0x14, 0x14, 0x14 }      // horiz lines
};
const uint8 ascii_agency_12x24[][36]=	  
{
0x00,0x00,0x00,0x00,0x00,0x00,0x00,0x00,0x00,0x00,0x00,0x00,0x00,0x00,0x00,0x00,
0x00,0x00,0x00,0x00,0x00,0x00,0x00,0x00,0x00,0x00,0x00,0x00,0x00,0x00,0x00,0x00,
0x00,0x00,0x00,0x00,/*" ",0*/

0x00,0x00,0xFF,0xFF,0x00,0x00,0x00,0x00,0x00,0x00,0x00,0x00,0x00,0x00,0xFF,0xFF,
0x00,0x00,0x00,0x00,0x00,0x00,0x00,0x00,0x00,0x00,0xE3,0xE3,0x00,0x00,0x00,0x00,
0x00,0x00,0x00,0x00,/*"!",1*/

0x00,0x00,0x0E,0xFF,0x0E,0x00,0xFF,0xFF,0x00,0x00,0x00,0x00,0x00,0x00,0x00,0x03,
0x00,0x00,0x03,0x00,0x00,0x00,0x00,0x00,0x00,0x00,0x00,0x00,0x00,0x00,0x00,0x00,
0x00,0x00,0x00,0x00,/*""",2*/

0x00,0x00,0x00,0x00,0x00,0x00,0x00,0x00,0x00,0x00,0x80,0xF0,0x00,0x00,0x00,0x00,
0x00,0x06,0x06,0x06,0xE6,0xFE,0x1F,0x07,0x00,0x00,0x02,0x03,0x03,0xC3,0xFB,0x1F,
0x07,0x03,0x03,0x03,/*"#",3*/

0x00,0x00,0xFF,0xFF,0x83,0x03,0xFF,0x03,0x03,0x7F,0x7E,0x00,0x00,0x00,0x80,0x81,
0x03,0x07,0xFF,0x38,0x70,0xE0,0x80,0x00,0x00,0x00,0xFF,0xFF,0xC0,0xC0,0xFF,0xC0,
0xC0,0xFF,0x7F,0x00,/*"$",4*/

0x00,0x00,0xFF,0x03,0x03,0x03,0xFF,0x00,0x00,0x00,0xC0,0x70,0x00,0x00,0x07,0x06,
0x06,0x86,0xE7,0x30,0x0C,0x03,0xE0,0x60,0x00,0x80,0x60,0x18,0x0E,0x03,0x00,0x00,
0x00,0x00,0xFF,0xC0,/*"%",5*/

0x00,0x00,0xFE,0xFF,0x03,0x03,0x03,0x03,0x03,0x03,0x00,0x00,0x00,0x00,0xE3,0xF7,
0x3E,0x1E,0x0C,0x0C,0x0C,0x0C,0xFE,0xFE,0x00,0x00,0xFF,0xFF,0xC0,0xC0,0xC0,0xC0,
0xC0,0xC0,0xFF,0xFF,/*"&",6*/

0x00,0x00,0x1E,0xFF,0x1E,0x00,0x00,0x00,0x00,0x00,0x00,0x00,0x00,0x00,0x00,0x03,
0x00,0x00,0x00,0x00,0x00,0x00,0x00,0x00,0x00,0x00,0x00,0x00,0x00,0x00,0x00,0x00,
0x00,0x00,0x00,0x00,/*"'",7*/

0x00,0x00,0xFF,0xFF,0x03,0x03,0x00,0x00,0x00,0x00,0x00,0x00,0x00,0x00,0xFF,0xFF,
0x00,0x00,0x00,0x00,0x00,0x00,0x00,0x00,0x00,0x00,0xFF,0xFF,0xC0,0xC0,0x00,0x00,
0x00,0x00,0x00,0x00,/*"(",8*/

0x00,0x00,0x03,0x03,0xFF,0xFF,0x00,0x00,0x00,0x00,0x00,0x00,0x00,0x00,0x00,0x00,
0xFF,0xFF,0x00,0x00,0x00,0x00,0x00,0x00,0x00,0x00,0xC0,0xC0,0xFF,0xFF,0x00,0x00,
0x00,0x00,0x00,0x00,/*")",9*/

0x00,0x00,0x08,0x9C,0x98,0xF0,0x61,0xFF,0x60,0x90,0x98,0x8C,0x00,0x00,0x01,0x03,
0x01,0x00,0x08,0x0F,0x00,0x00,0x01,0x01,0x00,0x00,0x00,0x00,0x00,0x00,0x00,0x00,
0x00,0x00,0x00,0x00,/*"*",10*/

0x00,0x00,0x00,0x00,0x00,0x00,0x00,0x00,0x00,0x00,0xC0,0xC0,0x00,0x00,0xC0,0xC0,
0xC0,0xC0,0xC0,0xC0,0xC0,0xC0,0xFF,0xFF,0x00,0x00,0x00,0x00,0x00,0x00,0x00,0x00,
0x00,0x00,0xFF,0xFF,/*"+",11*/

0x00,0x00,0x00,0x00,0x00,0x00,0x00,0x00,0x00,0x00,0x00,0x00,0x00,0x00,0x00,0x00,
0x00,0x00,0x00,0x00,0x00,0x00,0x00,0x00,0x00,0x00,0xE0,0xE0,0x00,0x00,0x00,0x00,
0x00,0x00,0x00,0x00,/*",",12*/

0x00,0x00,0x00,0x00,0x00,0x00,0x00,0x00,0x00,0x00,0x00,0x00,0x00,0x00,0x00,0x00,
0x00,0x00,0x00,0x00,0x00,0x00,0x00,0x00,0x00,0x00,0x06,0x06,0x06,0x06,0x06,0x06,
0x06,0x06,0x00,0x00,/*"-",13*/

0x00,0x00,0x00,0x00,0x00,0x00,0x00,0x00,0x00,0x00,0x00,0x00,0x00,0x00,0x00,0x00,
0x00,0x00,0x00,0x00,0x00,0x00,0x00,0x00,0x00,0x00,0xE0,0xE0,0x00,0x00,0x00,0x00,
0x00,0x00,0x00,0x00,/*".",14*/

0x00,0x00,0x00,0x00,0x00,0x00,0x00,0x00,0x00,0x00,0x80,0xE0,0x00,0x00,0x00,0x00,
0x00,0x00,0x80,0xE0,0x38,0x0E,0x03,0x00,0x00,0x00,0x80,0xE0,0x38,0x0E,0x03,0x00,
0x00,0x00,0x00,0x00,/*"/",15*/

0x00,0x00,0xFF,0xFF,0x03,0x03,0x03,0x03,0x03,0x03,0xFF,0xFF,0x00,0x00,0xFF,0xFF,
0x00,0x00,0x00,0x00,0x00,0x00,0xFF,0xFF,0x00,0x00,0xFF,0xFF,0xC0,0xC0,0xC0,0xC0,
0xC0,0xC0,0xFF,0xFF,/*"0",16*/

0x00,0x00,0x00,0x00,0x00,0x00,0xFF,0xFF,0x00,0x00,0x00,0x00,0x00,0x00,0x00,0x00,
0x00,0x00,0xFF,0xFF,0x00,0x00,0x00,0x00,0x00,0x00,0x00,0x00,0x00,0x00,0xFF,0xFF,
0x00,0x00,0x00,0x00,/*"1",17*/

0x00,0x00,0xFF,0xFF,0x03,0x03,0x03,0x03,0x03,0x03,0xFF,0xFF,0x00,0x00,0x00,0x00,
0x00,0x00,0xC0,0xE0,0x78,0x1E,0x07,0x03,0x00,0x00,0xE0,0xF8,0xFC,0xCF,0xC3,0xC0,
0xC0,0xC0,0xC0,0xC0,/*"2",18*/

0x00,0x00,0x7E,0x7F,0x03,0x03,0x03,0x03,0x03,0x03,0xFF,0xFF,0x00,0x00,0x00,0x00,
0x00,0x00,0x0C,0x1C,0x3E,0x37,0xE3,0xE1,0x00,0x00,0xFF,0xFF,0xC0,0xC0,0xC0,0xC0,
0xC0,0xC0,0xFF,0xFF,/*"3",19*/

0x00,0x00,0x00,0x00,0x00,0x00,0xE0,0xF8,0x1E,0x86,0xF8,0x00,0x00,0x00,0x80,0xE0,
0x7C,0x1F,0x03,0x00,0x00,0xFF,0xFF,0x00,0x00,0x00,0x03,0x03,0x03,0x03,0x03,0x03,
0x03,0xFF,0xFF,0x03,/*"4",20*/

0x00,0x00,0xFF,0xFF,0x03,0x03,0x03,0x03,0x03,0x03,0x03,0x00,0x00,0x00,0x03,0x03,
0x03,0x03,0x03,0x03,0x03,0x03,0xFF,0xFE,0x00,0x00,0xFE,0xFE,0xC0,0xC0,0xC0,0xC0,
0xC0,0xC0,0xFF,0xFF,/*"5",21*/

0x00,0x00,0xFF,0xFF,0x03,0x03,0x03,0x03,0x03,0x03,0x7F,0x7E,0x00,0x00,0xFF,0xFF,
0x18,0x18,0x18,0x18,0x18,0x18,0xF8,0xF0,0x00,0x00,0xFF,0xFF,0xC0,0xC0,0xC0,0xC0,
0xC0,0xC0,0xFF,0x7F,/*"6",22*/

0x00,0x00,0x0F,0x0F,0x03,0x03,0x03,0x03,0x03,0xE3,0xFF,0x0F,0x00,0x00,0x00,0x00,
0x00,0x00,0x00,0xE0,0xFE,0x1F,0x01,0x00,0x00,0x00,0x00,0x00,0x00,0xE0,0xFE,0x3F,
0x01,0x00,0x00,0x00,/*"7",23*/

0x00,0x00,0xFE,0xFF,0x03,0x03,0x03,0x03,0x03,0x03,0xFF,0xFF,0x00,0x00,0xE3,0xF7,
0x3E,0x1E,0x0C,0x0C,0x1E,0x3E,0xF7,0xE3,0x00,0x00,0xFF,0xFF,0xC0,0xC0,0xC0,0xC0,
0xC0,0xC0,0xFF,0xFF,/*"8",24*/

0x00,0x00,0xFF,0xFF,0x03,0x03,0x03,0x03,0x03,0x03,0xFF,0xFE,0x00,0x00,0x1F,0x1F,
0x18,0x18,0x18,0x18,0x18,0x18,0xFF,0xFF,0x00,0x00,0xFE,0xFE,0xC0,0xC0,0xC0,0xC0,
0xC0,0xC0,0xFF,0x7F,/*"9",25*/

0x00,0x00,0x00,0x00,0x00,0x00,0x00,0x00,0x00,0x00,0x00,0x00,0x00,0x00,0xE0,0xE0,
0x00,0x00,0x00,0x00,0x00,0x00,0x00,0x00,0x00,0x00,0xE0,0xE0,0x00,0x00,0x00,0x00,
0x00,0x00,0x00,0x00,/*":",26*/

0x00,0x00,0x00,0x00,0x00,0x00,0x00,0x00,0x00,0x00,0x00,0x00,0x00,0x00,0xE0,0xE0,
0x00,0x00,0x00,0x00,0x00,0x00,0x00,0x00,0x00,0x00,0xE0,0xE0,0x00,0x00,0x00,0x00,
0x00,0x00,0x00,0x00,/*";",27*/

0x00,0x00,0x00,0x00,0x00,0x00,0x00,0x00,0x00,0x00,0x00,0x00,0x00,0x00,0xE0,0xE0,
0xF0,0xB0,0xB8,0x98,0x18,0x0C,0x0C,0x0E,0x00,0x00,0x00,0x00,0x00,0x01,0x01,0x03,
0x03,0x07,0x06,0x06,/*"<",28*/

0x00,0x00,0x00,0x00,0x00,0x00,0x00,0x00,0x00,0x00,0x00,0x00,0x00,0x00,0x0C,0x0C,
0x0C,0x0C,0x0C,0x0C,0x0C,0x0C,0x0C,0x0C,0x00,0x00,0x06,0x06,0x06,0x06,0x06,0x06,
0x06,0x06,0x06,0x06,/*"=",29*/

0x00,0x00,0x80,0x00,0x00,0x00,0x00,0x00,0x00,0x00,0x00,0x00,0x00,0x00,0x03,0x03,
0x03,0x06,0x06,0x0E,0x0C,0x1C,0x18,0x98,0x00,0x00,0x38,0x18,0x1C,0x0C,0x0E,0x06,
0x06,0x03,0x03,0x03,/*">",30*/

0x00,0x00,0xFF,0xFF,0x03,0x03,0x03,0x03,0x03,0x03,0xFF,0xFE,0x00,0x00,0x00,0x00,
0x00,0x00,0xC0,0xF0,0x38,0x0E,0x07,0x01,0x00,0x00,0x00,0x00,0x00,0x00,0xE3,0xE3,
0x00,0x00,0x00,0x00,/*"?",31*/

0x00,0x00,0x00,0x80,0xC0,0x70,0x38,0x08,0x0C,0x06,0x06,0x82,0x00,0x00,0xFC,0xFF,
0x01,0x00,0x00,0x00,0xF8,0xFE,0x0F,0x03,0x00,0x00,0x00,0x03,0x0E,0x1C,0x30,0x60,
0x60,0xC1,0xC3,0x83,/*"@",32*/

0x00,0x00,0x00,0x00,0x00,0xF8,0xFF,0xFF,0xF0,0x00,0x00,0x00,0x00,0x00,0x00,0xE0,
0xFF,0x1F,0x00,0x01,0x3F,0xFE,0xC0,0x00,0x00,0x80,0xFC,0x7F,0x07,0x06,0x06,0x06,
0x06,0x07,0x7F,0xF8,/*"A",33*/

0x00,0x00,0xFF,0xFF,0x03,0x03,0x03,0x03,0x03,0xFF,0xFE,0x00,0x00,0x00,0xFF,0xFF,
0x18,0x18,0x18,0x1C,0x3C,0xEF,0xE7,0x00,0x00,0x00,0xFF,0xFF,0xC0,0xC0,0xC0,0xC0,
0xC0,0xFF,0xFF,0x00,/*"B",34*/

0x00,0x00,0xFF,0xFF,0x03,0x03,0x03,0x03,0x03,0x7F,0x7F,0x00,0x00,0x00,0xFF,0xFF,
0x00,0x00,0x00,0x00,0x00,0x00,0x00,0x00,0x00,0x00,0xFF,0xFF,0xC0,0xC0,0xC0,0xC0,
0xC0,0xFF,0xFF,0x00,/*"C",35*/

0x00,0x00,0xFF,0xFF,0x03,0x03,0x03,0x03,0x03,0xFE,0xFC,0x00,0x00,0x00,0xFF,0xFF,
0x00,0x00,0x00,0x00,0x00,0xFF,0xFF,0x00,0x00,0x00,0xFF,0xFF,0xC0,0xC0,0xC0,0xC0,
0xC0,0x7F,0x3F,0x00,/*"D",36*/

0x00,0x00,0xFF,0xFF,0x03,0x03,0x03,0x03,0x03,0x03,0x03,0x00,0x00,0x00,0xFF,0xFF,
0x18,0x18,0x18,0x18,0x18,0x18,0x00,0x00,0x00,0x00,0xFF,0xFF,0xC0,0xC0,0xC0,0xC0,
0xC0,0xC0,0xC0,0x00,/*"E",37*/

0x00,0x00,0xFF,0xFF,0x03,0x03,0x03,0x03,0x03,0x00,0x00,0x00,0x00,0x00,0xFF,0xFF,
0x18,0x18,0x18,0x18,0x18,0x00,0x00,0x00,0x00,0x00,0xFF,0xFF,0x00,0x00,0x00,0x00,
0x00,0x00,0x00,0x00,/*"F",38*/

0x00,0x00,0xFF,0xFF,0x03,0x03,0x03,0x03,0x03,0x7F,0x7F,0x00,0x00,0x00,0xFF,0xFF,
0x00,0x00,0x30,0x30,0x30,0xF0,0xF0,0x00,0x00,0x00,0xFF,0xFF,0xC0,0xC0,0xC0,0xC0,
0xC0,0xFF,0xFF,0x00,/*"G",39*/

0x00,0x00,0xFF,0xFF,0x00,0x00,0x00,0x00,0x00,0x00,0xFF,0xFF,0x00,0x00,0xFF,0xFF,
0x18,0x18,0x18,0x18,0x18,0x18,0xFF,0xFF,0x00,0x00,0xFF,0xFF,0x00,0x00,0x00,0x00,
0x00,0x00,0xFF,0xFF,/*"H",40*/

0x00,0x00,0x00,0x00,0x00,0xFF,0xFF,0x00,0x00,0x00,0x00,0x00,
0x00,0x00,0x00,0x00,0x00,0xFF,0xFF,0x00,0x00,0x00,0x00,0x00,
0x00,0x00,0x00,0x00,0x00,0xFF,0xFF,0x00,0x00,0x00,0x00,0x00,/*"I",41*/

0x00,0x00,0x00,0x00,0x00,0x00,0x00,0x00,0x00,0xFF,0xFF,0x00,0x00,0x00,0x00,0x00,
0x00,0x00,0x00,0x00,0x00,0xFF,0xFF,0x00,0x00,0x00,0xFE,0xFE,0xC0,0xC0,0xC0,0xC0,
0xC0,0xFF,0xFF,0x00,/*"J",42*/

0x00,0x00,0xFF,0xFF,0x00,0x00,0xC0,0xF0,0x3C,0x0F,0x07,0x01,0x00,0x00,0xFF,0xFF,
0x3C,0xFF,0xE3,0x80,0x00,0x00,0x00,0x00,0x00,0x00,0xFF,0xFF,0x00,0x00,0x03,0x0F,
0x3E,0xF8,0xE0,0x80,/*"K",43*/

0x00,0x00,0xFF,0xFF,0x00,0x00,0x00,0x00,0x00,0x00,0x00,0x00,0x00,0x00,0xFF,0xFF,
0x00,0x00,0x00,0x00,0x00,0x00,0x00,0x00,0x00,0x00,0xFF,0xFF,0xC0,0xC0,0xC0,0xC0,
0xC0,0xC0,0x00,0x00,/*"L",44*/

0x00,0xFF,0xFF,0xFC,0xE0,0x00,0x00,0x00,0x00,0xE0,0xFC,0xFF,0x00,0xFF,0xFF,0x01,
0x0F,0xFE,0xF0,0xF0,0x7E,0x0F,0x01,0xFF,0x00,0xFF,0xFF,0x00,0x00,0x00,0x0F,0x07,
0x00,0x00,0x00,0xFF,/*"M",45*/

0x00,0x00,0xFF,0xFF,0xF8,0xC0,0x00,0x00,0x00,0xFF,0xFF,0x00,0x00,0x00,0xFF,0xFF,
0x01,0x0F,0x7E,0xF0,0x80,0xFF,0xFF,0x00,0x00,0x00,0xFF,0xFF,0x00,0x00,0x00,0x03,
0x1F,0xFF,0xFF,0x00,/*"N",46*/

0x00,0x00,0xFF,0xFF,0x03,0x03,0x03,0x03,0x03,0x03,0xFF,0xFE,0x00,0x00,0xFF,0xFF,
0x00,0x00,0x00,0x00,0x00,0x00,0xFF,0xFF,0x00,0x00,0xFF,0xFF,0xC0,0xC0,0xC0,0xC0,
0xC0,0xC0,0xFF,0x7F,/*"O",47*/

0x00,0x00,0xFF,0xFF,0x03,0x03,0x03,0x03,0x03,0xFF,0xFF,0x00,0x00,0x00,0xFF,0xFF,
0x60,0x60,0x60,0x60,0x60,0x7F,0x7F,0x00,0x00,0x00,0xFF,0xFF,0x00,0x00,0x00,0x00,
0x00,0x00,0x00,0x00,/*"P",48*/

0x00,0x00,0xFF,0xFF,0x03,0x03,0x03,0x03,0x03,0x03,0xFF,0xFE,0x00,0x00,0xFF,0xFF,
0x00,0x00,0x00,0x00,0x00,0x00,0xFF,0xFF,0x00,0x00,0xFF,0xFF,0xC0,0xC0,0xC1,0xCE,
0xCC,0xD8,0xFF,0x7F,/*"Q",49*/

0x00,0x00,0xFF,0xFF,0x03,0x03,0x03,0x03,0x03,0xFF,0xFF,0x00,0x00,0x00,0xFF,0xFF,
0x00,0x0C,0x7C,0xFC,0x8C,0x0F,0x0F,0x00,0x00,0x00,0xFF,0xFF,0x00,0x00,0x00,0x03,
0x0F,0x7C,0xE0,0x80,/*"R",50*/

0x00,0x00,0xFF,0xFF,0x83,0x03,0x03,0x03,0x03,0x7F,0x7F,0x00,0x00,0x00,0x80,0x81,
0x03,0x06,0x1C,0x38,0x70,0xE0,0x80,0x00,0x00,0x00,0xFF,0xFF,0xC0,0xC0,0xC0,0xC0,
0xC0,0xFF,0x7F,0x00,/*"S",51*/

0x00,0x00,0x03,0x03,0x03,0xFF,0xFF,0x03,0x03,0x03,0x00,0x00,0x00,0x00,0x00,0x00,
0x00,0xFF,0xFF,0x00,0x00,0x00,0x00,0x00,0x00,0x00,0x00,0x00,0x00,0xFF,0xFF,0x00,
0x00,0x00,0x00,0x00,/*"T",52*/

0x00,0x00,0xFF,0xFF,0x00,0x00,0x00,0x00,0x00,0xFF,0xFF,0x00,0x00,0x00,0xFF,0xFF,
0x00,0x00,0x00,0x00,0x00,0xFF,0xFF,0x00,0x00,0x00,0xFF,0xFF,0xC0,0xC0,0xC0,0xC0,
0xC0,0xFF,0xFF,0x00,/*"U",53*/

0x00,0x01,0x3F,0xFE,0xC0,0x00,0x00,0x00,0x80,0xFE,0x7F,0x01,0x00,0x00,0x00,0x07,
0xFF,0xF8,0x00,0xF0,0xFF,0x0F,0x00,0x00,0x00,0x00,0x00,0x00,0x00,0x3F,0xFF,0x7F,
0x01,0x00,0x00,0x00,/*"V",54*/

0x01,0xFF,0xF0,0x00,0x00,0xF8,0xFF,0xFC,0x00,0x00,0xC0,0xFF,0x00,0x01,0xFF,0xF0,
0xF0,0xFF,0x01,0xFF,0xF8,0xE0,0xFF,0x03,0x00,0x00,0x01,0xFF,0xFF,0x01,0x00,0x00,
0xFF,0xFF,0x03,0x00,/*"W",55*/

0x00,0x01,0x07,0x3F,0xF8,0xC0,0x00,0x80,0xF0,0x7C,0x0F,0x03,0x00,0x00,0x00,0x00,
0x81,0xE7,0x7E,0xFF,0xC3,0x00,0x00,0x00,0x00,0x80,0xE0,0xFC,0x1F,0x03,0x00,0x01,
0x0F,0x3E,0xF0,0x80,/*"X",56*/

0x00,0x00,0x07,0x3F,0xF8,0x80,0x00,0x00,0x80,0xF8,0x3F,0x07,0x00,0x00,0x00,0x00,
0x03,0x1F,0xFC,0xFC,0x1F,0x03,0x00,0x00,0x00,0x00,0x00,0x00,0x00,0x00,0xFF,0xFF,
0x00,0x00,0x00,0x00,/*"Y",57*/

0x00,0x00,0x00,0x03,0x03,0x03,0x03,0x83,0xFB,0x7F,0x07,0x01,0x00,0x00,0x00,0x00,
0x00,0xE0,0xFC,0x1F,0x03,0x00,0x00,0x00,0x00,0x00,0x80,0xF0,0xFF,0xCF,0xC0,0xC0,
0xC0,0xC0,0xC0,0x00,/*"Z",58*/

0x00,0x00,0xFF,0xFF,0x03,0x03,0x03,0x00,0x00,0x00,0x00,0x00,0x00,0x00,0xFF,0xFF,
0x00,0x00,0x00,0x00,0x00,0x00,0x00,0x00,0x00,0x00,0xFF,0xFF,0x00,0x00,0x00,0x00,
0x00,0x00,0x00,0x00,/*"[",59*/

0x00,0x00,0x01,0x07,0x1C,0x70,0xC0,0x00,0x00,0x00,0x00,0x00,0x00,0x00,0x00,0x00,
0x00,0x00,0x01,0x07,0x1C,0x70,0xC0,0x00,0x00,0x00,0x00,0x00,0x00,0x00,0x00,0x00,
0x00,0x00,0x01,0x07,/*"\",60*/

0x00,0x00,0x03,0x03,0x03,0xFF,0xFF,0x00,0x00,0x00,0x00,0x00,0x00,0x00,0x00,0x00,
0x00,0xFF,0xFF,0x00,0x00,0x00,0x00,0x00,0x00,0x00,0x00,0x00,0x00,0xFF,0xFF,0x00,
0x00,0x00,0x00,0x00,/*"]",61*/

0x00,0x00,0x00,0x00,0x00,0x00,0x00,0x00,0x00,0x00,0x00,0x00,0x00,0x00,0x00,0x00,
0x00,0x00,0x00,0x00,0x00,0x00,0x00,0x00,0x00,0x00,0x00,0x00,0x00,0x00,0x00,0x00,
0x00,0x00,0x00,0x00,/*"^",62*/

0x00,0x00,0x00,0x00,0x00,0x00,0x00,0x00,0x00,0x00,0x00,0x00,0x00,0x00,0x00,0x00,
0x00,0x00,0x00,0x00,0x00,0x00,0x00,0x00,0x00,0x00,0x06,0x06,0x06,0x06,0x06,0x06,
0x06,0x06,0x00,0x00,/*"-",63*/

0x00,0x00,0x1E,0xFF,0x1E,0x00,0x00,0x00,0x00,0x00,0x00,0x00,0x00,0x00,0x00,0x03,
0x00,0x00,0x00,0x00,0x00,0x00,0x00,0x00,0x00,0x00,0x00,0x00,0x00,0x00,0x00,0x00,
0x00,0x00,0x00,0x00,/*"'",64*/

0x00,0x00,0x00,0x00,0x00,0xF8,0xFF,0xFF,0xF0,0x00,0x00,0x00,0x00,0x00,0x00,0xE0,
0xFF,0x1F,0x00,0x01,0x3F,0xFE,0xC0,0x00,0x00,0x80,0xFC,0x7F,0x07,0x06,0x06,0x06,
0x06,0x07,0x7F,0xF8,/*"a",65*/

0x00,0x00,0xFF,0xFF,0x03,0x03,0x03,0x03,0x03,0xFF,0xFE,0x00,0x00,0x00,0xFF,0xFF,
0x18,0x18,0x18,0x1C,0x3C,0xEF,0xE7,0x00,0x00,0x00,0xFF,0xFF,0xC0,0xC0,0xC0,0xC0,
0xC0,0xFF,0xFF,0x00,/*"b",66*/

0x00,0x00,0xFF,0xFF,0x03,0x03,0x03,0x03,0x03,0x7F,0x7F,0x00,0x00,0x00,0xFF,0xFF,
0x00,0x00,0x00,0x00,0x00,0x00,0x00,0x00,0x00,0x00,0xFF,0xFF,0xC0,0xC0,0xC0,0xC0,
0xC0,0xFF,0xFF,0x00,/*"c",67*/

0x00,0x00,0xFF,0xFF,0x03,0x03,0x03,0x03,0x03,0xFE,0xFC,0x00,0x00,0x00,0xFF,0xFF,
0x00,0x00,0x00,0x00,0x00,0xFF,0xFF,0x00,0x00,0x00,0xFF,0xFF,0xC0,0xC0,0xC0,0xC0,
0xC0,0x7F,0x3F,0x00,/*"d",68*/

0x00,0x00,0xFF,0xFF,0x03,0x03,0x03,0x03,0x03,0x00,0x00,0x00,0x00,0x00,0xFF,0xFF,
0x18,0x18,0x18,0x18,0x18,0x00,0x00,0x00,0x00,0x00,0xFF,0xFF,0xC0,0xC0,0xC0,0xC0,
0xC0,0x00,0x00,0x00,/*"e",69*/

0x00,0x00,0xFF,0xFF,0x03,0x03,0x03,0x03,0x03,0x00,0x00,0x00,0x00,0x00,0xFF,0xFF,
0x18,0x18,0x18,0x18,0x18,0x00,0x00,0x00,0x00,0x00,0xFF,0xFF,0x00,0x00,0x00,0x00,
0x00,0x00,0x00,0x00,/*"f",70*/

0x00,0x00,0xFF,0xFF,0x03,0x03,0x03,0x03,0x03,0x7F,0x7F,0x00,0x00,0x00,0xFF,0xFF,
0x00,0x00,0x30,0x30,0x30,0xF0,0xF0,0x00,0x00,0x00,0xFF,0xFF,0xC0,0xC0,0xC0,0xC0,
0xC0,0xFF,0xFF,0x00,/*"g",71*/

0x00,0x00,0xFF,0xFF,0x00,0x00,0x00,0x00,0x00,0x00,0xFF,0xFF,0x00,0x00,0xFF,0xFF,
0x18,0x18,0x18,0x18,0x18,0x18,0xFF,0xFF,0x00,0x00,0xFF,0xFF,0x00,0x00,0x00,0x00,
0x00,0x00,0xFF,0xFF,/*"h",72*/

0x00,0x00,0xFF,0xFF,0x00,0x00,0x00,0x00,0x00,0x00,0x00,0x00,0x00,0x00,0xFF,0xFF,
0x00,0x00,0x00,0x00,0x00,0x00,0x00,0x00,0x00,0x00,0xFF,0xFF,0x00,0x00,0x00,0x00,
0x00,0x00,0x00,0x00,/*"i",73*/

0x00,0x00,0x00,0x00,0x00,0x00,0x00,0x00,0x00,0xFF,0xFF,0x00,0x00,0x00,0x00,0x00,
0x00,0x00,0x00,0x00,0x00,0xFF,0xFF,0x00,0x00,0x00,0xFE,0xFE,0xC0,0xC0,0xC0,0xC0,
0xC0,0xFF,0xFF,0x00,/*"j",74*/

0x00,0x00,0xFF,0xFF,0x00,0x00,0xC0,0xF0,0x3C,0x0F,0x07,0x01,0x00,0x00,0xFF,0xFF,
0x3C,0xFF,0xE3,0x80,0x00,0x00,0x00,0x00,0x00,0x00,0xFF,0xFF,0x00,0x00,0x03,0x0F,
0x3E,0xF8,0xE0,0x80,/*"k",75*/

0x00,0x00,0xFF,0xFF,0x00,0x00,0x00,0x00,0x00,0x00,0x00,0x00,0x00,0x00,0xFF,0xFF,
0x00,0x00,0x00,0x00,0x00,0x00,0x00,0x00,0x00,0x00,0xFF,0xFF,0xC0,0xC0,0xC0,0xC0,
0xC0,0xC0,0x00,0x00,/*"l",76*/

0x00,0xFF,0xFF,0xFC,0xE0,0x00,0x00,0x00,0x00,0xE0,0xFC,0xFF,0x00,0xFF,0xFF,0x01,
0x0F,0xFE,0xF0,0xF0,0x7E,0x0F,0x01,0xFF,0x00,0xFF,0xFF,0x00,0x00,0x00,0x0F,0x07,
0x00,0x00,0x00,0xFF,/*"m",77*/

0x00,0x00,0xFF,0xFF,0xF8,0xC0,0x00,0x00,0x00,0xFF,0xFF,0x00,0x00,0x00,0xFF,0xFF,
0x01,0x0F,0x7E,0xF0,0x80,0xFF,0xFF,0x00,0x00,0x00,0xFF,0xFF,0x00,0x00,0x00,0x03,
0x1F,0xFF,0xFF,0x00,/*"n",78*/

0x00,0x00,0xFF,0xFF,0x03,0x03,0x03,0x03,0x03,0x03,0xFF,0xFE,0x00,0x00,0xFF,0xFF,
0x00,0x00,0x00,0x00,0x00,0x00,0xFF,0xFF,0x00,0x00,0xFF,0xFF,0xC0,0xC0,0xC0,0xC0,
0xC0,0xC0,0xFF,0x7F,/*"o",79*/

0x00,0x00,0xFF,0xFF,0x03,0x03,0x03,0x03,0x03,0xFF,0xFF,0x00,0x00,0x00,0xFF,0xFF,
0x60,0x60,0x60,0x60,0x60,0x7F,0x7F,0x00,0x00,0x00,0xFF,0xFF,0x00,0x00,0x00,0x00,
0x00,0x00,0x00,0x00,/*"p",80*/

0x00,0x00,0xFF,0xFF,0x03,0x03,0x03,0x03,0x03,0x03,0xFF,0xFE,0x00,0x00,0xFF,0xFF,
0x00,0x00,0x00,0x00,0x00,0x00,0xFF,0xFF,0x00,0x00,0xFF,0xFF,0xC0,0xC0,0xC1,0xCE,
0xCC,0xD8,0xFF,0x7F,/*"q",81*/

0x00,0x00,0xFF,0xFF,0x03,0x03,0x03,0x03,0x03,0xFF,0xFF,0x00,0x00,0x00,0xFF,0xFF,
0x00,0x0C,0x7C,0xFC,0x8C,0x0F,0x0F,0x00,0x00,0x00,0xFF,0xFF,0x00,0x00,0x00,0x03,
0x0F,0x7C,0xE0,0x80,/*"r",82*/

0x00,0x00,0xFF,0xFF,0x83,0x03,0x03,0x03,0x03,0x7F,0x7F,0x00,0x00,0x00,0x80,0x81,
0x03,0x06,0x1C,0x38,0x70,0xE0,0x80,0x00,0x00,0x00,0xFF,0xFF,0xC0,0xC0,0xC0,0xC0,
0xC0,0xFF,0x7F,0x00,/*"s",83*/

0x00,0x00,0x03,0x03,0x03,0xFF,0xFF,0x03,0x03,0x03,0x00,0x00,0x00,0x00,0x00,0x00,
0x00,0xFF,0xFF,0x00,0x00,0x00,0x00,0x00,0x00,0x00,0x00,0x00,0x00,0xFF,0xFF,0x00,
0x00,0x00,0x00,0x00,/*"t",84*/

0x00,0x00,0xFF,0xFF,0x00,0x00,0x00,0x00,0x00,0xFF,0xFF,0x00,0x00,0x00,0xFF,0xFF,
0x00,0x00,0x00,0x00,0x00,0xFF,0xFF,0x00,0x00,0x00,0xFF,0xFF,0xC0,0xC0,0xC0,0xC0,
0xC0,0xFF,0xFF,0x00,/*"u",85*/

0x00,0x01,0x3F,0xFE,0xC0,0x00,0x00,0x00,0x80,0xFE,0x7F,0x01,0x00,0x00,0x00,0x07,
0xFF,0xF8,0x00,0xF0,0xFF,0x0F,0x00,0x00,0x00,0x00,0x00,0x00,0x00,0x3F,0xFF,0x7F,
0x01,0x00,0x00,0x00,/*"v",86*/

0x01,0xFF,0xF0,0x00,0x00,0xF8,0xFF,0xFC,0x00,0x00,0xC0,0xFF,0x00,0x01,0xFF,0xF0,
0xF0,0xFF,0x01,0xFF,0xF8,0xE0,0xFF,0x03,0x00,0x00,0x01,0xFF,0xFF,0x01,0x00,0x00,
0xFF,0xFF,0x03,0x00,/*"w",87*/

0x00,0x01,0x07,0x3F,0xF8,0xC0,0x00,0x80,0xF0,0x7C,0x0F,0x03,0x00,0x00,0x00,0x00,
0x81,0xE7,0x7E,0xFF,0xC3,0x00,0x00,0x00,0x00,0x80,0xE0,0xFC,0x1F,0x03,0x00,0x01,
0x0F,0x3E,0xF0,0x80,/*"x",88*/

0x00,0x00,0x07,0x3F,0xF8,0x80,0x00,0x00,0x80,0xF8,0x3F,0x07,0x00,0x00,0x00,0x00,
0x03,0x1F,0xFC,0xFC,0x1F,0x03,0x00,0x00,0x00,0x00,0x00,0x00,0x00,0x00,0xFF,0xFF,
0x00,0x00,0x00,0x00,/*"y",89*/

0x00,0x00,0x00,0x03,0x03,0x03,0x03,0x83,0xFB,0x7F,0x07,0x01,0x00,0x00,0x00,0x00,
0x00,0xE0,0xFC,0x1F,0x03,0x00,0x00,0x00,0x00,0x00,0x80,0xF0,0xFF,0xCF,0xC0,0xC0,
0xC0,0xC0,0xC0,0x00,/*"z",90*/
};

const uint8 ascii_OCR_12x16[][24]=
{
0x00,0x00,0x00,0x00,0x00,0x00,0x00,0x00,0x00,0x00,0x00,0x00,0x00,0x00,0x00,0x00,
0x00,0x00,0x00,0x00,0x00,0x00,0x00,0x00,/*" ",0*/
0x00,0x00,0x00,0x00,0xFE,0xFE,0xFE,0x00,0x00,0x00,0x00,0x00,0x00,0x00,0x00,0x00,
0x70,0x71,0x70,0x00,0x00,0x00,0x00,0x00,/*"!",1*/
0x00,0x1E,0xFE,0x3E,0x06,0x06,0x06,0x3E,0xFE,0x3E,0x00,0x00,0x00,0x00,0x00,0x00,
0x00,0x00,0x00,0x00,0x00,0x00,0x00,0x00,/*""",2*/
0x00,0x30,0x30,0xFE,0xFE,0x30,0x30,0xFE,0xFE,0x30,0x30,0x00,0x00,0x03,0x03,0x1F,
0x1F,0x03,0x03,0x1F,0x1F,0x03,0x03,0x00,/*"#",3*/
0x00,0xF8,0xF8,0xD8,0xDE,0xDE,0xD8,0xD8,0xD8,0x00,0x00,0x00,0x00,0x0C,0x0C,0x0C,
0x3C,0x3C,0x0C,0x0F,0x0F,0x00,0x00,0x00,/*"$",4*/
0x00,0x0E,0x0E,0x0E,0x0E,0x80,0xE0,0x70,0x18,0x08,0x00,0x00,0x00,0x10,0x18,0x0E,
0x07,0x01,0x70,0x70,0x70,0x70,0x00,0x00,/*"%",5*/
0x00,0x7C,0xFE,0xC6,0x86,0xC6,0xFE,0x7C,0x00,0x00,0x00,0x00,0x00,0x3C,0x7E,0x67,
0x63,0x7F,0x3C,0x38,0x7C,0x6C,0x00,0x00,/*"&",6*/
0x00,0x00,0x00,0x00,0x1E,0xFE,0xFE,0x1E,0x00,0x00,0x00,0x00,0x00,0x00,0x00,0x00,
0x00,0x00,0x00,0x00,0x00,0x00,0x00,0x00,/*"'",7*/
0x00,0x00,0x00,0x00,0xE0,0xF8,0x1C,0x06,0x00,0x00,0x00,0x00,0x00,0x00,0x00,0x00,
0x07,0x1F,0x38,0x60,0x00,0x00,0x00,0x00,/*"(",8*/
0x00,0x00,0x00,0x06,0x1C,0xF8,0xE0,0x00,0x00,0x00,0x00,0x00,0x00,0x00,0x00,0x60,
0x38,0x1F,0x07,0x00,0x00,0x00,0x00,0x00,/*")",9*/
0x00,0x30,0x70,0xC0,0xFC,0xFC,0xE0,0x70,0x30,0x00,0x00,0x00,0x00,0x0C,0x0E,0x07,
0x3F,0x3F,0x07,0x0E,0x0C,0x00,0x00,0x00,/*"*",10*/
0x00,0x80,0x80,0x80,0x80,0xF8,0xF8,0x80,0x80,0x80,0x80,0x00,0x00,0x01,0x01,0x01,
0x01,0x1F,0x1F,0x01,0x01,0x01,0x01,0x00,/*"+",11*/
0x00,0x00,0x00,0x00,0x00,0x00,0x00,0x00,0x00,0x00,0x00,0x00,0x00,0x00,0x00,0x03,
0x03,0x03,0x7F,0x7F,0x00,0x00,0x00,0x00,/*",",12*/
0x00,0xC0,0xC0,0xC0,0xC0,0xC0,0xC0,0xC0,0xC0,0xC0,0x00,0x00,0x00,0x01,0x01,0x01,
0x01,0x01,0x01,0x01,0x01,0x01,0x00,0x00,/*"-",13*/
0x00,0x00,0x00,0x00,0x00,0x00,0x00,0x00,0x00,0x00,0x00,0x00,0x00,0x00,0x00,0x00,
0x0E,0x0E,0x0E,0x00,0x00,0x00,0x00,0x00,/*".",14*/
0x00,0x00,0x00,0x00,0x00,0xC0,0xF0,0x38,0x1E,0x06,0x00,0x00,0x00,0x60,0x78,0x1C,
0x07,0x03,0x00,0x00,0x00,0x00,0x00,0x00,/*"/",15*/
0x00,0xFC,0xFE,0x06,0x06,0x06,0x06,0x06,0xFE,0xFC,0x00,0x00,0x00,0x3F,0x7F,0x60,
0x60,0x60,0x60,0x60,0x7F,0x3F,0x00,0x00,/*"0",16*/
0x00,0x06,0x06,0x06,0xFE,0xFE,0x00,0x00,0x00,0x00,0x00,0x00,0x00,0x60,0x60,0x60,
0x7F,0x7F,0x60,0x60,0x7E,0x7E,0x00,0x00,/*"1",17*/
0x00,0x06,0x86,0x86,0x86,0x86,0x86,0x86,0xFE,0xFC,0x00,0x00,0x00,0x7F,0x7F,0x61,
0x61,0x61,0x61,0x61,0x61,0x60,0x00,0x00,/*"2",18*/
0x00,0x06,0x06,0x86,0x86,0x86,0x86,0x86,0xFE,0xFC,0x00,0x00,0x00,0x60,0x60,0x61,
0x61,0x61,0x61,0x61,0x7F,0x3F,0x00,0x00,/*"3",19*/
0x00,0x00,0xFE,0xFE,0x00,0x00,0x00,0x00,0xF8,0xF8,0x00,0x00,0x00,0x00,0x07,0x07,
0x06,0x06,0x06,0x06,0x7F,0x7F,0x06,0x00,/*"4",20*/
0x00,0x00,0x00,0xFE,0xFE,0x86,0x86,0x86,0x86,0x06,0x00,0x00,0x00,0x30,0x30,0x61,
0x61,0x61,0x61,0x61,0x7F,0x3F,0x00,0x00,/*"5",21*/
0x00,0xFE,0xFE,0x06,0x00,0x00,0x00,0x00,0x00,0x00,0x00,0x00,0x00,0x3F,0x7F,0x63,
0x63,0x63,0x63,0x63,0x7F,0x3E,0x00,0x00,/*"6",22*/
0x00,0x0E,0x0E,0x06,0x06,0x06,0x86,0x86,0xFE,0xFE,0x00,0x00,0x00,0x00,0x00,0x00,
0x7E,0x7F,0x03,0x01,0x00,0x00,0x00,0x00,/*"7",23*/
0x00,0x80,0xFE,0xFE,0x86,0x86,0x86,0xFE,0xFE,0x80,0x00,0x00,0x00,0x3F,0x7F,0x61,
0x61,0x61,0x61,0x61,0x7F,0x3F,0x00,0x00,/*"8",24*/
0x00,0x7C,0xFE,0xC6,0xC6,0xC6,0xC6,0xC6,0xFE,0xFC,0x00,0x00,0x00,0x00,0x00,0x00,
0x00,0x00,0x00,0x60,0x7F,0x7F,0x00,0x00,/*"9",25*/
0x00,0x00,0x00,0x00,0x38,0x38,0x38,0x00,0x00,0x00,0x00,0x00,0x00,0x00,0x00,0x00,
0x0E,0x0E,0x0E,0x00,0x00,0x00,0x00,0x00,/*":",26*/
0x00,0x00,0x00,0x00,0x38,0x38,0x38,0x00,0x00,0x00,0x00,0x00,0x00,0x00,0x00,0x03,
0x03,0x03,0x7F,0x7F,0x00,0x00,0x00,0x00,/*";",27*/
0x00,0xC0,0xC0,0x60,0x60,0x30,0x18,0x18,0x0C,0x0C,0x00,0x00,0x00,0x01,0x01,0x03,
0x03,0x06,0x0C,0x0C,0x18,0x18,0x00,0x00,/*"<",28*/
0x00,0x30,0x30,0x30,0x30,0x30,0x30,0x30,0x30,0x30,0x00,0x00,0x00,0x03,0x03,0x03,
0x03,0x03,0x03,0x03,0x03,0x03,0x00,0x00,/*"=",29*/
0x00,0x0C,0x0C,0x18,0x18,0x30,0x60,0x60,0xC0,0xC0,0x00,0x00,0x00,0x18,0x18,0x0C,
0x0C,0x06,0x03,0x03,0x01,0x01,0x00,0x00,/*">",30*/
0x00,0x60,0x60,0x30,0x18,0x8C,0xCE,0x66,0x3C,0x18,0x00,0x00,0x00,0x00,0x00,0x6F,
0x6F,0x01,0x00,0x00,0x00,0x00,0x00,0x00,/*"?",31*/
0x00,0x9C,0xCE,0xC6,0xC6,0xC6,0x06,0xFE,0xF8,0x00,0x00,0x00,0x00,0x3F,0x7F,0x60,
0x7F,0x7F,0x60,0x7F,0x3F,0x00,0x00,0x00,/*"@",32*/
0x00,0x00,0x00,0xE0,0xFC,0x1E,0xFC,0xE0,0x00,0x00,0x00,0x00,0x00,0x70,0x7E,0x0F,
0x0C,0x0C,0x0C,0x0F,0x7E,0x70,0x00,0x00,/*"A",33*/
0x00,0xFE,0xFE,0x86,0x86,0x86,0x86,0xCE,0xFC,0x78,0x00,0x00,0x00,0x7F,0x7F,0x61,
0x61,0x61,0x61,0x73,0x3F,0x1E,0x00,0x00,/*"B",34*/
0x00,0xC0,0xF0,0x78,0x1E,0x06,0x06,0x06,0x06,0x06,0x00,0x00,0x00,0x03,0x0F,0x1E,
0x78,0x60,0x60,0x60,0x60,0x60,0x00,0x00,/*"C",35*/
0x00,0x06,0x06,0xFE,0xFE,0x06,0x0E,0x3C,0xF0,0xC0,0x00,0x00,0x00,0x60,0x60,0x7F,
0x7F,0x60,0x70,0x3C,0x0F,0x03,0x00,0x00,/*"D",36*/
0x00,0xFE,0xFE,0x86,0x86,0x86,0x06,0x06,0x06,0x06,0x00,0x00,0x00,0x7F,0x7F,0x61,
0x61,0x61,0x60,0x60,0x60,0x60,0x00,0x00,/*"E",37*/
0x00,0xFE,0xFE,0xC6,0xC6,0xC6,0xC6,0xC6,0x06,0x06,0x00,0x00,0x00,0x7F,0x7F,0x00,
0x00,0x00,0x00,0x00,0x00,0x00,0x00,0x00,/*"F",38*/
0x00,0xC0,0xF0,0x38,0x1C,0x0E,0x06,0x06,0x06,0x06,0x00,0x00,0x00,0x3F,0x7F,0x60,
0x60,0x60,0x63,0x63,0x7F,0x3F,0x00,0x00,/*"G",39*/
0x00,0xFE,0xFE,0x80,0x80,0x80,0x80,0x80,0xFE,0xFE,0x00,0x00,0x00,0x7F,0x7F,0x01,
0x01,0x01,0x01,0x01,0x7F,0x7F,0x00,0x00,/*"H",40*/
0x00,0x06,0x06,0x06,0x06,0xFE,0xFE,0x06,0x06,0x06,0x06,0x00,0x00,0x60,0x60,0x60,
0x60,0x7F,0x7F,0x60,0x60,0x60,0x60,0x00,/*"I",41*/
0x00,0x00,0x00,0x00,0x00,0x00,0x00,0x00,0x00,0xFE,0xFE,0x00,0x00,0x00,0x3E,0x7E,
0x60,0x60,0x60,0x60,0x60,0x7F,0x3F,0x00,/*"J",42*/
0x00,0xFE,0xFE,0xC0,0x60,0x30,0x18,0x0C,0x0E,0x06,0x00,0x00,0x00,0x7F,0x7F,0x03,
0x06,0x0C,0x18,0x38,0x70,0x60,0x00,0x00,/*"K",43*/
0x00,0xFE,0xFE,0x00,0x00,0x00,0x00,0x00,0x00,0x00,0x00,0x00,0x00,0x7F,0x7F,0x60,
0x60,0x60,0x60,0x60,0x60,0x60,0x00,0x00,/*"L",44*/
0x00,0xFE,0xFE,0x1C,0xF0,0xF0,0x1C,0xFE,0xFE,0x00,0x00,0x00,0x00,0x7F,0x7F,0x00,
0x00,0x00,0x00,0x7F,0x7F,0x00,0x00,0x00,/*"M",45*/
0x00,0xFE,0xFE,0x1E,0xF8,0xC0,0x00,0x00,0xFE,0xFE,0x00,0x00,0x00,0x7F,0x7F,0x00,
0x00,0x03,0x1F,0x78,0x7F,0x7F,0x00,0x00,/*"N",46*/
0x00,0xC0,0xF0,0x38,0x0E,0x06,0x0E,0x38,0xF0,0xC0,0x00,0x00,0x00,0x03,0x0F,0x1C,
0x70,0x60,0x70,0x1C,0x0F,0x03,0x00,0x00,/*"O",47*/
0x00,0xFE,0xFE,0x06,0x06,0x06,0x06,0x06,0xFE,0xFC,0x00,0x00,0x00,0x7F,0x7F,0x03,
0x03,0x03,0x03,0x03,0x03,0x01,0x00,0x00,/*"P",48*/
0x00,0xC0,0xE0,0x70,0x38,0x1C,0x0E,0x06,0xFE,0xFC,0x00,0x00,0x00,0x3F,0x7F,0x60,
0x70,0x3E,0x7C,0x7C,0x67,0x63,0x00,0x00,/*"Q",49*/
0x00,0xFE,0xFE,0xC6,0xC6,0xC6,0xC6,0xC6,0xFE,0x7C,0x00,0x00,0x00,0x7F,0x7F,0x00,
0x00,0x03,0x0F,0x1C,0x70,0x60,0x00,0x00,/*"R",50*/
0x00,0x0C,0x1E,0x76,0xE6,0x86,0x06,0x06,0x0E,0x0C,0x00,0x00,0x00,0x30,0x70,0x60,
0x60,0x61,0x67,0x6E,0x78,0x30,0x00,0x00,/*"S",51*/
0x00,0x0E,0x0E,0x06,0xFE,0xFE,0x06,0x0E,0x0E,0x00,0x00,0x00,0x00,0x00,0x00,0x00,
0x7F,0x7F,0x00,0x00,0x00,0x00,0x00,0x00,/*"T",52*/
0x00,0xFE,0xFE,0x00,0x00,0x00,0x00,0x00,0xFE,0xFE,0x00,0x00,0x00,0x3F,0x7F,0x60,
0x60,0x60,0x60,0x60,0x7F,0x3F,0x00,0x00,/*"U",53*/
0x00,0x3E,0xFE,0xC0,0x00,0x00,0x00,0xC0,0xFE,0x3E,0x00,0x00,0x00,0x00,0x01,0x07,
0x3E,0x70,0x3E,0x07,0x01,0x00,0x00,0x00,/*"V",54*/
0x00,0xFE,0xFE,0x00,0xC0,0xC0,0x00,0xFE,0xFE,0x00,0x00,0x00,0x00,0x1F,0x7F,0x60,
0x7F,0x7F,0x60,0x7F,0x1F,0x00,0x00,0x00,/*"W",55*/
0x00,0x06,0x1E,0x38,0xF0,0xC0,0xF0,0x38,0x1E,0x06,0x00,0x00,0x00,0x60,0x78,0x1C,
0x07,0x03,0x07,0x1C,0x78,0x60,0x00,0x00,/*"X",56*/
0x00,0x1E,0x3E,0xF0,0xC0,0xC0,0xF0,0x3E,0x1E,0x00,0x00,0x00,0x00,0x00,0x00,0x00,
0x7F,0x7F,0x00,0x00,0x00,0x00,0x00,0x00,/*"Y",57*/
0x00,0x06,0x06,0x06,0x06,0xC6,0xE6,0x3E,0x1E,0x06,0x00,0x00,0x00,0x60,0x78,0x7C,
0x67,0x63,0x60,0x60,0x60,0x60,0x00,0x00,/*"Z",58*/
0x00,0xFE,0xFE,0x06,0xFE,0xFE,0x06,0x06,0x06,0x06,0x00,0x00,0x00,0x7F,0x7F,0x60,
0x7F,0x7F,0x60,0x60,0x60,0x60,0x00,0x00,/*"[",59*/
0x00,0x06,0x1E,0x38,0xF0,0xC0,0x00,0x00,0x00,0x00,0x00,0x00,0x00,0x00,0x00,0x00,
0x00,0x03,0x07,0x1C,0x78,0x60,0x00,0x00,/*"\",60*/
0x00,0x06,0x06,0x06,0x06,0xFE,0xFE,0x06,0xFE,0xFE,0x00,0x00,0x00,0x60,0x60,0x60,
0x60,0x7F,0x7F,0x60,0x7F,0x7F,0x00,0x00,/*"]",61*/
0x00,0x00,0x00,0x80,0xE0,0xF0,0xE0,0x80,0x00,0x00,0x00,0x00,0x00,0x18,0x1E,0x07,
0x03,0x00,0x03,0x07,0x1E,0x18,0x00,0x00,/*"^",62*/
0x00,0x00,0x00,0x00,0x00,0x00,0x00,0x00,0x00,0x00,0x00,0x00,0x00,0x70,0x70,0x70,
0x70,0x70,0x70,0x70,0x70,0x70,0x00,0x00,/*"-",63*/
0x00,0x00,0x00,0x00,0x1E,0xFE,0xFE,0x1E,0x00,0x00,0x00,0x00,0x00,0x00,0x00,0x00,
0x00,0x00,0x00,0x00,0x00,0x00,0x00,0x00,/*"'",64*/
0x00,0x00,0x00,0x60,0x60,0x60,0x60,0x60,0xE0,0xC0,0x00,0x00,0x00,0x3E,0x7F,0x63,
0x63,0x63,0x63,0x33,0x7F,0x7F,0x00,0x00,/*"a",65*/
0x00,0xFE,0xFE,0xC0,0x60,0x60,0x60,0x60,0xC0,0x80,0x00,0x00,0x00,0x7F,0x7F,0x30,
0x60,0x60,0x60,0x60,0x3F,0x1F,0x00,0x00,/*"b",66*/
0x00,0x00,0x80,0xC0,0xE0,0x60,0x60,0x60,0x60,0x60,0x00,0x00,0x00,0x0F,0x1F,0x30,
0x70,0x60,0x60,0x60,0x60,0x60,0x00,0x00,/*"c",67*/
0x00,0x80,0xC0,0x60,0x60,0x60,0x60,0xC0,0xFE,0xFE,0x00,0x00,0x00,0x1F,0x3F,0x60,
0x60,0x60,0x60,0x30,0x7F,0x7F,0x00,0x00,/*"d",68*/
0x00,0x80,0xC0,0xE0,0x60,0x60,0x60,0xE0,0xC0,0x80,0x00,0x00,0x00,0x1F,0x3F,0x6C,
0x6C,0x6C,0x6C,0x6C,0x6F,0x6F,0x00,0x00,/*"e",69*/
0x00,0x00,0x60,0x60,0xF8,0xFC,0x66,0x66,0x66,0x06,0x00,0x00,0x00,0x00,0x00,0x00,
0x7F,0x7F,0x00,0x00,0x00,0x00,0x00,0x00,/*"f",70*/
0x00,0x80,0xC0,0x60,0x60,0x60,0x60,0xC0,0xE0,0xE0,0x00,0x00,0x00,0x1F,0x3F,0x60,
0x60,0x60,0x60,0x30,0xFF,0xFF,0x00,0x00,/*"g",71*/
0x00,0xFE,0xFE,0xC0,0xC0,0x60,0x60,0x60,0xE0,0xC0,0x00,0x00,0x00,0x7F,0x7F,0x00,
0x00,0x00,0x00,0x00,0x7F,0x7F,0x00,0x00,/*"h",72*/
0x00,0x00,0x60,0x60,0x67,0xE7,0xE7,0x00,0x00,0x00,0x00,0x00,0x00,0x00,0x60,0x60,
0x60,0x7F,0x7F,0x60,0x60,0x60,0x00,0x00,/*"i",73*/
0x00,0x00,0x60,0x60,0x60,0x67,0xE7,0xE7,0x00,0x00,0x00,0x00,0x00,0x00,0x00,0x00,
0x00,0x00,0xFF,0xFF,0x00,0x00,0x00,0x00,/*"j",74*/
0x00,0xFE,0xFE,0x00,0x00,0x80,0xC0,0xE0,0x60,0x00,0x00,0x00,0x00,0x7F,0x7F,0x06,
0x07,0x0D,0x18,0x30,0x70,0x60,0x00,0x00,/*"k",75*/
0x00,0x00,0x06,0x06,0x06,0xFE,0xFE,0x00,0x00,0x00,0x00,0x00,0x00,0x00,0x60,0x60,
0x60,0x7F,0x7F,0x60,0x60,0x60,0x00,0x00,/*"l",76*/
0x00,0xE0,0xE0,0x60,0xE0,0xC0,0x60,0xE0,0xC0,0x00,0x00,0x00,0x00,0x7F,0x7F,0x00,
0x7F,0x7F,0x00,0x7F,0x7F,0x00,0x00,0x00,/*"m",77*/
0x00,0xE0,0xE0,0xC0,0xC0,0x60,0x60,0x60,0xE0,0xC0,0x00,0x00,0x00,0x7F,0x7F,0x00,
0x00,0x00,0x00,0x00,0x7F,0x7F,0x00,0x00,/*"n",78*/
0x00,0x80,0xC0,0xE0,0x60,0x60,0x60,0xE0,0xC0,0x80,0x00,0x00,0x00,0x1F,0x3F,0x70,
0x60,0x60,0x60,0x70,0x3F,0x1F,0x00,0x00,/*"o",79*/
0x00,0xE0,0xE0,0xC0,0x60,0x60,0x60,0xC0,0x80,0x00,0x00,0x00,0x00,0xFF,0xFF,0x30,
0x60,0x60,0x60,0x30,0x1F,0x0F,0x00,0x00,/*"p",80*/
0x00,0x80,0xC0,0x60,0x60,0x60,0x60,0xC0,0xE0,0xE0,0x00,0x00,0x00,0x1F,0x3F,0x60,
0x60,0x60,0x60,0x30,0xFF,0xFF,0x00,0x00,/*"q",81*/
0x00,0xE0,0xE0,0x80,0xC0,0x60,0x60,0x60,0xE0,0xC0,0x00,0x00,0x00,0x7F,0x7F,0x01,
0x00,0x00,0x00,0x00,0x01,0x01,0x00,0x00,/*"r",82*/
0x00,0xC0,0xE0,0x60,0x60,0x60,0x60,0x60,0xE0,0xC0,0x00,0x00,0x00,0x31,0x71,0x63,
0x62,0x66,0x66,0x64,0x7C,0x38,0x00,0x00,/*"s",83*/
0x00,0x60,0x60,0xFC,0xFC,0x60,0x60,0x60,0x60,0x00,0x00,0x00,0x00,0x00,0x00,0x3F,
0x7F,0x60,0x60,0x60,0x70,0x30,0x00,0x00,/*"t",84*/
0x00,0xE0,0xE0,0x00,0x00,0x00,0x00,0x00,0xE0,0xE0,0x00,0x00,0x00,0x3F,0x7F,0x60,
0x60,0x60,0x30,0x30,0x7F,0x7F,0x00,0x00,/*"u",85*/
0x00,0xE0,0xE0,0x00,0x00,0x00,0x00,0x00,0xE0,0xE0,0x00,0x00,0x00,0x01,0x07,0x1F,
0x78,0x60,0x78,0x1F,0x07,0x01,0x00,0x00,/*"v",86*/
0x00,0xE0,0xE0,0x00,0x00,0x00,0x00,0xE0,0xE0,0x00,0x00,0x00,0x00,0x0F,0x7F,0x70,
0x3F,0x3F,0x60,0x7F,0x0F,0x00,0x00,0x00,/*"w",87*/
0x00,0x60,0xE0,0xC0,0x80,0x00,0x80,0xC0,0xE0,0x60,0x00,0x00,0x00,0x60,0x70,0x19,
0x0F,0x07,0x0F,0x19,0x70,0x60,0x00,0x00,/*"x",88*/
0x00,0xE0,0xE0,0x00,0x00,0x00,0x00,0x00,0xE0,0xE0,0x00,0x00,0x00,0x00,0x07,0x1F,
0xBC,0xF0,0xFC,0x1F,0x07,0x00,0x00,0x00,/*"y",89*/
0x00,0x60,0x60,0x60,0x60,0x60,0x60,0xE0,0xE0,0xE0,0x00,0x00,0x00,0x70,0x78,0x7C,
0x6C,0x66,0x63,0x61,0x61,0x60,0x00,0x00,/*"z",90*/
};

const uint8 ascii_OCRB_12x16[][24]=
{
0x00,0x00,0x00,0x00,0x00,0x00,0x00,0x00,0x00,0x00,0x00,0x00,0x00,0x00,0x00,0x00,
0x00,0x00,0x00,0x00,0x00,0x00,0x00,0x00,/*" ",0*/
0x00,0x00,0x00,0x00,0x00,0xFE,0xFE,0xFE,0xFE,0x00,0x00,0x00,0x00,0x00,0x00,0x00,
0x00,0x70,0x71,0x71,0x70,0x00,0x00,0x00,/*"!",1*/
0x00,0x00,0x1E,0xFE,0xFE,0x3E,0x06,0x06,0x3E,0xFE,0xFE,0x3E,0x00,0x00,0x00,0x00,
0x00,0x00,0x00,0x00,0x00,0x00,0x00,0x00,/*""",2*/
0x00,0x00,0x30,0x30,0xFE,0xFE,0xFE,0x30,0xFE,0xFE,0xFE,0x30,0x00,0x00,0x03,0x03,
0x1F,0x1F,0x1F,0x03,0x1F,0x1F,0x1F,0x03,/*"#",3*/
0x00,0x00,0xF8,0xF8,0xF8,0xDE,0xDE,0xDE,0xD8,0xD8,0xD8,0x00,0x00,0x00,0x0C,0x0C,
0x0C,0x3C,0x3C,0x3C,0x0F,0x0F,0x0F,0x00,/*"$",4*/
0x00,0x00,0x0E,0x0E,0x0E,0x0E,0x8E,0xE0,0xF0,0x78,0x18,0x08,0x00,0x00,0x10,0x18,
0x1E,0x0F,0x07,0x71,0x70,0x70,0x70,0x70,/*"%",5*/
0x00,0x00,0x7C,0xFE,0xFE,0xC6,0xC6,0xFE,0xFE,0x7C,0x00,0x00,0x00,0x00,0x3C,0x7E,
0x7F,0x67,0x7F,0x7F,0x3C,0x7C,0x7C,0x6C,/*"&",6*/
0x00,0x00,0x00,0x00,0x00,0x1E,0xFE,0xFE,0xFE,0x1E,0x00,0x00,0x00,0x00,0x00,0x00,
0x00,0x00,0x00,0x00,0x00,0x00,0x00,0x00,/*"'",7*/
0x00,0x00,0x00,0x00,0x00,0xE0,0xF8,0xFC,0x1E,0x06,0x00,0x00,0x00,0x00,0x00,0x00,
0x00,0x07,0x1F,0x3F,0x78,0x60,0x00,0x00,/*"(",8*/
0x00,0x00,0x00,0x00,0x06,0x1E,0xFC,0xF8,0xE0,0x00,0x00,0x00,0x00,0x00,0x00,0x00,
0x60,0x78,0x3F,0x1F,0x07,0x00,0x00,0x00,/*")",9*/
0x00,0x00,0x30,0x70,0xF0,0xFC,0xFC,0xFC,0xF0,0x70,0x30,0x00,0x00,0x00,0x0C,0x0E,
0x0F,0x3F,0x3F,0x3F,0x0F,0x0E,0x0C,0x00,/*"*",10*/
0x00,0x00,0x80,0x80,0x80,0x80,0xF8,0xF8,0xF8,0x80,0x80,0x80,0x00,0x00,0x01,0x01,
0x01,0x01,0x1F,0x1F,0x1F,0x01,0x01,0x01,/*"+",11*/
0x00,0x00,0x00,0x00,0x00,0x00,0x00,0x00,0x00,0x00,0x00,0x00,0x00,0x00,0x00,0x00,
0x03,0x03,0x03,0x7F,0x7F,0x7F,0x00,0x00,/*",",12*/
0x00,0x00,0xC0,0xC0,0xC0,0xC0,0xC0,0xC0,0xC0,0xC0,0xC0,0xC0,0x00,0x00,0x01,0x01,
0x01,0x01,0x01,0x01,0x01,0x01,0x01,0x01,/*"-",13*/
0x00,0x00,0x00,0x00,0x00,0x00,0x00,0x00,0x00,0x00,0x00,0x00,0x00,0x00,0x00,0x00,
0x00,0x0E,0x0E,0x0E,0x0E,0x00,0x00,0x00,/*".",14*/
0x00,0x00,0x00,0x00,0x00,0x00,0xC0,0xF0,0xF8,0x3E,0x1E,0x06,0x00,0x00,0x60,0x78,
0x7C,0x1F,0x07,0x03,0x00,0x00,0x00,0x00,/*"/",15*/
0x00,0x00,0xFC,0xFE,0xFE,0x06,0x06,0x06,0x06,0xFE,0xFE,0xFC,0x00,0x00,0x3F,0x7F,
0x7F,0x60,0x60,0x60,0x60,0x7F,0x7F,0x3F,/*"0",16*/
0x00,0x00,0x06,0x06,0x06,0xFE,0xFE,0xFE,0x00,0x00,0x00,0x00,0x00,0x00,0x60,0x60,
0x60,0x7F,0x7F,0x7F,0x60,0x7E,0x7E,0x7E,/*"1",17*/
0x00,0x00,0x06,0x86,0x86,0x86,0x86,0x86,0x86,0xFE,0xFE,0xFC,0x00,0x00,0x7F,0x7F,
0x7F,0x61,0x61,0x61,0x61,0x61,0x61,0x60,/*"2",18*/
0x00,0x00,0x06,0x06,0x86,0x86,0x86,0x86,0x86,0xFE,0xFE,0xFC,0x00,0x00,0x60,0x60,
0x61,0x61,0x61,0x61,0x61,0x7F,0x7F,0x3F,/*"3",19*/
0x00,0x00,0x00,0xFE,0xFE,0xFE,0x00,0x00,0x00,0xF8,0xF8,0xF8,0x00,0x00,0x00,0x07,
0x07,0x07,0x06,0x06,0x06,0x7F,0x7F,0x7F,/*"4",20*/
0x00,0x00,0x00,0x00,0xFE,0xFE,0xFE,0x86,0x86,0x86,0x86,0x06,0x00,0x00,0x30,0x30,
0x71,0x61,0x61,0x61,0x61,0x7F,0x7F,0x3F,/*"5",21*/
0x00,0x00,0xFE,0xFE,0xFE,0x06,0x00,0x00,0x00,0x00,0x00,0x00,0x00,0x00,0x3F,0x7F,
0x7F,0x63,0x63,0x63,0x63,0x7F,0x7F,0x3E,/*"6",22*/
0x00,0x00,0x0E,0x0E,0x0E,0x06,0x06,0x86,0x86,0xFE,0xFE,0xFE,0x00,0x00,0x00,0x00,
0x00,0x7E,0x7F,0x7F,0x03,0x01,0x00,0x00,/*"7",23*/
0x00,0x00,0x80,0xFE,0xFE,0xFE,0x86,0x86,0xFE,0xFE,0xFE,0x80,0x00,0x00,0x3F,0x7F,
0x7F,0x61,0x61,0x61,0x61,0x7F,0x7F,0x3F,/*"8",24*/
0x00,0x00,0x7C,0xFE,0xFE,0xC6,0xC6,0xC6,0xC6,0xFE,0xFE,0xFC,0x00,0x00,0x00,0x00,
0x00,0x00,0x00,0x00,0x60,0x7F,0x7F,0x7F,/*"9",25*/
0x00,0x00,0x00,0x00,0x00,0x38,0x38,0x38,0x38,0x00,0x00,0x00,0x00,0x00,0x00,0x00,
0x00,0x0E,0x0E,0x0E,0x0E,0x00,0x00,0x00,/*":",26*/
0x00,0x00,0x00,0x00,0x00,0x38,0x38,0x38,0x38,0x00,0x00,0x00,0x00,0x00,0x00,0x00,
0x03,0x03,0x03,0x7F,0x7F,0x7F,0x00,0x00,/*";",27*/
0x00,0x00,0xC0,0xC0,0xE0,0x60,0x70,0x38,0x18,0x1C,0x0C,0x0C,0x00,0x00,0x01,0x01,
0x03,0x03,0x07,0x0E,0x0C,0x1C,0x18,0x18,/*"<",28*/
0x00,0x00,0x30,0x30,0x30,0x30,0x30,0x30,0x30,0x30,0x30,0x30,0x00,0x00,0x03,0x03,
0x03,0x03,0x03,0x03,0x03,0x03,0x03,0x03,/*"=",29*/
0x00,0x00,0x0C,0x0C,0x1C,0x18,0x38,0x70,0x60,0xE0,0xC0,0xC0,0x00,0x00,0x18,0x18,
0x1C,0x0C,0x0E,0x07,0x03,0x03,0x01,0x01,/*">",30*/
0x00,0x00,0x60,0x60,0x70,0x38,0x9C,0xCE,0xEE,0x7E,0x3C,0x18,0x00,0x00,0x00,0x00,
0x6F,0x6F,0x6F,0x01,0x00,0x00,0x00,0x00,/*"?",31*/
0x00,0x00,0x9C,0xDE,0xCE,0xC6,0xC6,0xC6,0xFE,0xFE,0xF8,0x00,0x00,0x00,0x3F,0x7F,
0x7F,0x7F,0x7F,0x7F,0x7F,0x7F,0x3F,0x00,/*"@",32*/
0x00,0x00,0x00,0x00,0xE0,0xFC,0xFE,0xFE,0xFC,0xE0,0x00,0x00,0x00,0x00,0x70,0x7E,
0x7F,0x0F,0x0C,0x0C,0x0F,0x7F,0x7E,0x70,/*"A",33*/
0x00,0x00,0xFE,0xFE,0xFE,0x86,0x86,0x86,0xCE,0xFE,0xFC,0x78,0x00,0x00,0x7F,0x7F,
0x7F,0x61,0x61,0x61,0x73,0x7F,0x3F,0x1E,/*"B",34*/
0x00,0x00,0xC0,0xF0,0xF8,0x7E,0x1E,0x06,0x06,0x06,0x06,0x06,0x00,0x00,0x03,0x0F,
0x1F,0x7E,0x78,0x60,0x60,0x60,0x60,0x60,/*"C",35*/
0x00,0x00,0x06,0x06,0xFE,0xFE,0xFE,0x0E,0x3E,0xFC,0xF0,0xC0,0x00,0x00,0x60,0x60,
0x7F,0x7F,0x7F,0x70,0x7C,0x3F,0x0F,0x03,/*"D",36*/
0x00,0x00,0xFE,0xFE,0xFE,0x86,0x86,0x86,0x06,0x06,0x06,0x06,0x00,0x00,0x7F,0x7F,
0x7F,0x61,0x61,0x61,0x60,0x60,0x60,0x60,/*"E",37*/
0x00,0x00,0xFE,0xFE,0xFE,0xC6,0xC6,0xC6,0xC6,0xC6,0x06,0x06,0x00,0x00,0x7F,0x7F,
0x7F,0x00,0x00,0x00,0x00,0x00,0x00,0x00,/*"F",38*/
0x00,0x00,0xC0,0xF0,0xF8,0x3C,0x1E,0x0E,0x06,0x06,0x06,0x06,0x00,0x00,0x3F,0x7F,
0x7F,0x60,0x60,0x63,0x63,0x7F,0x7F,0x3F,/*"G",39*/
0x00,0x00,0xFE,0xFE,0xFE,0x80,0x80,0x80,0x80,0xFE,0xFE,0xFE,0x00,0x00,0x7F,0x7F,
0x7F,0x01,0x01,0x01,0x01,0x7F,0x7F,0x7F,/*"H",40*/
0x00,0x00,0x06,0x06,0x06,0x06,0xFE,0xFE,0xFE,0x06,0x06,0x06,0x00,0x00,0x60,0x60,
0x60,0x60,0x7F,0x7F,0x7F,0x60,0x60,0x60,/*"I",41*/
0x00,0x00,0x00,0x00,0x00,0x00,0x00,0x00,0x00,0x00,0xFE,0xFE,0x00,0x00,0x00,0x3E,
0x7E,0x7E,0x60,0x60,0x60,0x60,0x7F,0x7F,/*"J",42*/
0x00,0x00,0xFE,0xFE,0xFE,0xE0,0x70,0x38,0x1C,0x0E,0x0E,0x06,0x00,0x00,0x7F,0x7F,
0x7F,0x07,0x0E,0x1C,0x38,0x78,0x70,0x60,/*"K",43*/
0x00,0x00,0xFE,0xFE,0xFE,0x00,0x00,0x00,0x00,0x00,0x00,0x00,0x00,0x00,0x7F,0x7F,
0x7F,0x60,0x60,0x60,0x60,0x60,0x60,0x60,/*"L",44*/
0x00,0x00,0xFE,0xFE,0xFE,0xFC,0xF0,0xFC,0xFE,0xFE,0xFE,0x00,0x00,0x00,0x7F,0x7F,
0x7F,0x00,0x00,0x00,0x7F,0x7F,0x7F,0x00,/*"M",45*/
0x00,0x00,0xFE,0xFE,0xFE,0xFE,0xF8,0xC0,0x00,0xFE,0xFE,0xFE,0x00,0x00,0x7F,0x7F,
0x7F,0x00,0x03,0x1F,0x7F,0x7F,0x7F,0x7F,/*"N",46*/
0x00,0x00,0xC0,0xF0,0xF8,0x3E,0x0E,0x0E,0x3E,0xF8,0xF0,0xC0,0x00,0x00,0x03,0x0F,
0x1F,0x7C,0x70,0x70,0x7C,0x1F,0x0F,0x03,/*"O",47*/
0x00,0x00,0xFE,0xFE,0xFE,0x06,0x06,0x06,0x06,0xFE,0xFE,0xFC,0x00,0x00,0x7F,0x7F,
0x7F,0x03,0x03,0x03,0x03,0x03,0x03,0x01,/*"P",48*/
0x00,0x00,0xC0,0xE0,0xF0,0x78,0x3C,0x1E,0x0E,0xFE,0xFE,0xFC,0x00,0x00,0x3F,0x7F,
0x7F,0x70,0x7E,0x7E,0x7C,0x7F,0x67,0x63,/*"Q",49*/
0x00,0x00,0xFE,0xFE,0xFE,0xC6,0xC6,0xC6,0xC6,0xFE,0xFE,0x7C,0x00,0x00,0x7F,0x7F,
0x7F,0x00,0x03,0x0F,0x1F,0x7C,0x70,0x60,/*"R",50*/
0x00,0x00,0x0C,0x1E,0x7E,0xF6,0xE6,0x86,0x06,0x0E,0x0E,0x0C,0x00,0x00,0x30,0x70,
0x70,0x60,0x61,0x67,0x6F,0x7E,0x78,0x30,/*"S",51*/
0x00,0x00,0x0E,0x0E,0x0E,0xFE,0xFE,0xFE,0x0E,0x0E,0x0E,0x00,0x00,0x00,0x00,0x00,
0x00,0x7F,0x7F,0x7F,0x00,0x00,0x00,0x00,/*"T",52*/
0x00,0x00,0xFE,0xFE,0xFE,0x00,0x00,0x00,0x00,0xFE,0xFE,0xFE,0x00,0x00,0x3F,0x7F,
0x7F,0x60,0x60,0x60,0x60,0x7F,0x7F,0x3F,/*"U",53*/
0x00,0x00,0x3E,0xFE,0xFE,0xC0,0x00,0x00,0xC0,0xFE,0xFE,0x3E,0x00,0x00,0x00,0x01,
0x07,0x3F,0x7E,0x7E,0x3F,0x07,0x01,0x00,/*"V",54*/
0x00,0x00,0xFE,0xFE,0xFE,0xC0,0xC0,0xC0,0xFE,0xFE,0xFE,0x00,0x00,0x00,0x1F,0x7F,
0x7F,0x7F,0x7F,0x7F,0x7F,0x7F,0x1F,0x00,/*"W",55*/
0x00,0x00,0x06,0x1E,0x3E,0xF8,0xF0,0xF0,0xF8,0x3E,0x1E,0x06,0x00,0x00,0x60,0x78,
0x7C,0x1F,0x07,0x07,0x1F,0x7C,0x78,0x60,/*"X",56*/
0x00,0x00,0x1E,0x3E,0xFE,0xF0,0xC0,0xF0,0xFE,0x3E,0x1E,0x00,0x00,0x00,0x00,0x00,
0x00,0x7F,0x7F,0x7F,0x00,0x00,0x00,0x00,/*"Y",57*/
0x00,0x00,0x06,0x06,0x06,0x06,0xC6,0xE6,0xFE,0x3E,0x1E,0x06,0x00,0x00,0x60,0x78,
0x7C,0x7F,0x67,0x63,0x60,0x60,0x60,0x60,/*"Z",58*/
0x00,0x00,0xFE,0xFE,0xFE,0xFE,0xFE,0xFE,0x06,0x06,0x06,0x06,0x00,0x00,0x7F,0x7F,
0x7F,0x7F,0x7F,0x7F,0x60,0x60,0x60,0x60,/*"[",59*/
0x00,0x00,0x06,0x1E,0x3E,0xF8,0xF0,0xC0,0x00,0x00,0x00,0x00,0x00,0x00,0x00,0x00,
0x00,0x00,0x03,0x07,0x1F,0x7C,0x78,0x60,/*"\",60*/
0x00,0x00,0x06,0x06,0x06,0x06,0xFE,0xFE,0xFE,0xFE,0xFE,0xFE,0x00,0x00,0x60,0x60,
0x60,0x60,0x7F,0x7F,0x7F,0x7F,0x7F,0x7F,/*"]",61*/
0x00,0x00,0x00,0x00,0x80,0xE0,0xF0,0xF0,0xE0,0x80,0x00,0x00,0x00,0x00,0x18,0x1E,
0x1F,0x07,0x03,0x03,0x07,0x1F,0x1E,0x18,/*"^",62*/
0x00,0x00,0xC0,0xC0,0xC0,0xC0,0xC0,0xC0,0xC0,0xC0,0xC0,0xC0,0x00,0x00,0x01,0x01,
0x01,0x01,0x01,0x01,0x01,0x01,0x01,0x01,/*"-",63*/
0x00,0x00,0x00,0x00,0x00,0x1E,0xFE,0xFE,0xFE,0x1E,0x00,0x00,0x00,0x00,0x00,0x00,
0x00,0x00,0x00,0x00,0x00,0x00,0x00,0x00,/*"'",64*/
0x00,0x00,0x00,0x00,0x60,0x60,0x60,0x60,0x60,0xE0,0xE0,0xC0,0x00,0x00,0x3E,0x7F,
0x7F,0x63,0x63,0x63,0x73,0x7F,0x7F,0x7F,/*"a",65*/
0x00,0x00,0xFE,0xFE,0xFE,0xE0,0x60,0x60,0x60,0xE0,0xC0,0x80,0x00,0x00,0x7F,0x7F,
0x7F,0x70,0x60,0x60,0x60,0x7F,0x3F,0x1F,/*"b",66*/
0x00,0x00,0x00,0x80,0xC0,0xE0,0xE0,0x60,0x60,0x60,0x60,0x60,0x00,0x00,0x0F,0x1F,
0x3F,0x70,0x70,0x60,0x60,0x60,0x60,0x60,/*"c",67*/
0x00,0x00,0x80,0xC0,0xE0,0x60,0x60,0x60,0xE0,0xFE,0xFE,0xFE,0x00,0x00,0x1F,0x3F,
0x7F,0x60,0x60,0x60,0x70,0x7F,0x7F,0x7F,/*"d",68*/
0x00,0x00,0x80,0xC0,0xE0,0xE0,0x60,0x60,0xE0,0xE0,0xC0,0x80,0x00,0x00,0x1F,0x3F,
0x7F,0x6C,0x6C,0x6C,0x6C,0x6F,0x6F,0x6F,/*"e",69*/
0x00,0x00,0x00,0x60,0x60,0xF8,0xFC,0xFE,0x66,0x66,0x66,0x06,0x00,0x00,0x00,0x00,
0x00,0x7F,0x7F,0x7F,0x00,0x00,0x00,0x00,/*"f",70*/
0x00,0x00,0x80,0xC0,0xE0,0x60,0x60,0x60,0xE0,0xE0,0xE0,0xE0,0x00,0x00,0x1F,0x3F,
0x7F,0x60,0x60,0x60,0x70,0xFF,0xFF,0xFF,/*"g",71*/
0x00,0x00,0xFE,0xFE,0xFE,0xC0,0xE0,0x60,0x60,0xE0,0xE0,0xC0,0x00,0x00,0x7F,0x7F,
0x7F,0x00,0x00,0x00,0x00,0x7F,0x7F,0x7F,/*"h",72*/
0x00,0x00,0x00,0x60,0x60,0x67,0xE7,0xE7,0xE7,0x00,0x00,0x00,0x00,0x00,0x00,0x60,
0x60,0x60,0x7F,0x7F,0x7F,0x60,0x60,0x60,/*"i",73*/
0x00,0x00,0x00,0x60,0x60,0x60,0x67,0xE7,0xE7,0xE7,0x00,0x00,0x00,0x00,0x00,0x00,
0x00,0x00,0x00,0xFF,0xFF,0xFF,0x00,0x00,/*"j",74*/
0x00,0x00,0xFE,0xFE,0xFE,0x00,0x80,0xC0,0xE0,0xE0,0x60,0x00,0x00,0x00,0x7F,0x7F,
0x7F,0x07,0x0F,0x1D,0x38,0x70,0x70,0x60,/*"k",75*/
0x00,0x00,0x00,0x06,0x06,0x06,0xFE,0xFE,0xFE,0x00,0x00,0x00,0x00,0x00,0x00,0x60,
0x60,0x60,0x7F,0x7F,0x7F,0x60,0x60,0x60,/*"l",76*/
0x00,0x00,0xE0,0xE0,0xE0,0xE0,0xE0,0xE0,0xE0,0xE0,0xC0,0x00,0x00,0x00,0x7F,0x7F,
0x7F,0x7F,0x7F,0x7F,0x7F,0x7F,0x7F,0x00,/*"m",77*/
0x00,0x00,0xE0,0xE0,0xE0,0xC0,0xE0,0x60,0x60,0xE0,0xE0,0xC0,0x00,0x00,0x7F,0x7F,
0x7F,0x00,0x00,0x00,0x00,0x7F,0x7F,0x7F,/*"n",78*/
0x00,0x00,0x80,0xC0,0xE0,0xE0,0x60,0x60,0xE0,0xE0,0xC0,0x80,0x00,0x00,0x1F,0x3F,
0x7F,0x70,0x60,0x60,0x70,0x7F,0x3F,0x1F,/*"o",79*/
0x00,0x00,0xE0,0xE0,0xE0,0xE0,0x60,0x60,0xE0,0xC0,0x80,0x00,0x00,0x00,0xFF,0xFF,
0xFF,0x70,0x60,0x60,0x70,0x3F,0x1F,0x0F,/*"p",80*/
0x00,0x00,0x80,0xC0,0xE0,0x60,0x60,0x60,0xE0,0xE0,0xE0,0xE0,0x00,0x00,0x1F,0x3F,
0x7F,0x60,0x60,0x60,0x70,0xFF,0xFF,0xFF,/*"q",81*/
0x00,0x00,0xE0,0xE0,0xE0,0xC0,0xE0,0x60,0x60,0xE0,0xE0,0xC0,0x00,0x00,0x7F,0x7F,
0x7F,0x01,0x00,0x00,0x00,0x01,0x01,0x01,/*"r",82*/
0x00,0x00,0xC0,0xE0,0xE0,0x60,0x60,0x60,0x60,0xE0,0xE0,0xC0,0x00,0x00,0x31,0x71,
0x73,0x63,0x66,0x66,0x66,0x7C,0x7C,0x38,/*"s",83*/
0x00,0x00,0x60,0x60,0xFC,0xFC,0xFC,0x60,0x60,0x60,0x60,0x00,0x00,0x00,0x00,0x00,
0x3F,0x7F,0x7F,0x60,0x60,0x70,0x70,0x30,/*"t",84*/
0x00,0x00,0xE0,0xE0,0xE0,0x00,0x00,0x00,0x00,0xE0,0xE0,0xE0,0x00,0x00,0x3F,0x7F,
0x7F,0x60,0x60,0x70,0x30,0x7F,0x7F,0x7F,/*"u",85*/
0x00,0x00,0xE0,0xE0,0xE0,0x00,0x00,0x00,0x00,0xE0,0xE0,0xE0,0x00,0x00,0x01,0x07,
0x1F,0x7F,0x78,0x78,0x7F,0x1F,0x07,0x01,/*"v",86*/
0x00,0x00,0xE0,0xE0,0xE0,0x00,0x00,0x00,0xE0,0xE0,0xE0,0x00,0x00,0x00,0x0F,0x7F,
0x7F,0x7F,0x3F,0x7F,0x7F,0x7F,0x0F,0x00,/*"w",87*/
0x00,0x00,0x60,0xE0,0xE0,0xC0,0x80,0x80,0xC0,0xE0,0xE0,0x60,0x00,0x00,0x60,0x70,
0x79,0x1F,0x0F,0x0F,0x1F,0x79,0x70,0x60,/*"x",88*/
0x00,0x00,0xE0,0xE0,0xE0,0x00,0x00,0x00,0x00,0xE0,0xE0,0xE0,0x00,0x00,0x00,0x07,
0x1F,0xBF,0xFC,0xFC,0xFF,0x1F,0x07,0x00,/*"y",89*/
0x00,0x00,0x60,0x60,0x60,0x60,0x60,0x60,0xE0,0xE0,0xE0,0xE0,0x00,0x00,0x70,0x78,
0x7C,0x7C,0x6E,0x67,0x63,0x61,0x61,0x60,/*"z",90*/
};

const uint8 ascii_OCR_10x16[][20]=	  
{
	0x00,0x00,0x00,0x00,0x00,0x00,0x00,0x00,0x00,0x00,0x00,0x00,0x00,0x00,0x00,0x00,
0x00,0x00,0x00,0x00,/*" ",0*/

0x00,0x00,0x00,0x00,0xFC,0xFC,0x3C,0x00,0x00,0x00,0x00,0x00,0x00,0x00,0x33,0x33,
0x30,0x00,0x00,0x00,/*"!",1*/

0x00,0x1C,0xFC,0xFC,0x04,0x04,0xFC,0xFC,0x1C,0x00,0x00,0x00,0x00,0x00,0x00,0x00,
0x00,0x00,0x00,0x00,/*""",2*/

0x00,0x20,0xFC,0xFC,0x20,0x20,0xFC,0xFC,0x20,0x00,0x00,0x01,0x0F,0x0F,0x01,0x01,
0x0F,0x0F,0x01,0x00,/*"#",3*/

0x00,0xE0,0xE0,0xA0,0xBC,0xBC,0xA0,0xA0,0xA0,0x00,0x00,0x04,0x04,0x04,0x3C,0x3C,
0x04,0x07,0x07,0x00,/*"$",4*/

0x00,0x0C,0x0C,0x0C,0x80,0xC0,0x70,0x38,0x08,0x00,0x00,0x10,0x1C,0x0E,0x03,0x01,
0x30,0x30,0x30,0x00,/*"%",5*/

0x00,0x70,0xF8,0x88,0x08,0x88,0xF8,0x70,0x00,0x00,0x00,0x1C,0x3E,0x23,0x23,0x27,
0x3C,0x3C,0x3C,0x00,/*"&",6*/

0x00,0x00,0x00,0x00,0xFC,0xFC,0x7C,0x0C,0x00,0x00,0x00,0x00,0x00,0x00,0x01,0x01,
0x00,0x00,0x00,0x00,/*"'",7*/

0x00,0x00,0x00,0x00,0xE0,0xF8,0x1C,0x04,0x00,0x00,0x00,0x00,0x00,0x00,0x07,0x1F,
0x38,0x20,0x00,0x00,/*"(",8*/

0x00,0x00,0x00,0x00,0x04,0x1C,0xF8,0xE0,0x00,0x00,0x00,0x00,0x00,0x00,0x20,0x38,
0x1F,0x07,0x00,0x00,/*")",9*/

0x00,0x00,0x30,0x70,0xC0,0xF8,0xF8,0xC0,0x70,0x30,0x00,0x00,0x0C,0x0E,0x03,0x1F,
0x1F,0x03,0x0E,0x0C,/*"*",10*/

0x00,0x00,0x00,0x00,0xE0,0xE0,0x00,0x00,0x00,0x00,0x00,0x01,0x01,0x01,0x0F,0x0F,
0x01,0x01,0x01,0x00,/*"+",11*/

0x00,0x00,0x00,0x00,0x00,0x00,0x00,0x00,0x00,0x00,0x00,0x00,0x00,0x01,0x01,0x01,
0x3F,0x3F,0x00,0x00,/*",",12*/

0x00,0x00,0x00,0x00,0x00,0x00,0x00,0x00,0x00,0x00,0x00,0x01,0x01,0x01,0x01,0x01,
0x01,0x01,0x01,0x00,/*"-",13*/

0x00,0x00,0x00,0x00,0x00,0x00,0x00,0x00,0x00,0x00,0x00,0x00,0x00,0x00,0x0C,0x0C,
0x0C,0x00,0x00,0x00,/*".",14*/

0x00,0x00,0x00,0x00,0x80,0xE0,0x70,0x3C,0x0C,0x00,0x00,0x30,0x3C,0x0E,0x03,0x01,
0x00,0x00,0x00,0x00,/*"/",15*/

0x00,0xFC,0xFC,0x04,0x04,0x04,0x04,0xFC,0xFC,0x00,0x00,0x3F,0x3F,0x20,0x20,0x20,
0x20,0x3F,0x3F,0x00,/*"0",16*/

0x00,0x04,0x04,0x04,0xFC,0xFC,0x00,0x00,0x00,0x00,0x00,0x20,0x20,0x20,0x3F,0x3F,
0x20,0x3E,0x3E,0x00,/*"1",17*/

0x00,0x84,0x84,0x84,0x84,0x84,0x84,0xFC,0xFC,0x00,0x00,0x3F,0x3F,0x20,0x20,0x20,
0x20,0x20,0x20,0x00,/*"2",18*/

0x00,0x04,0x84,0x84,0x84,0x84,0xFC,0x7C,0x00,0x00,0x00,0x20,0x20,0x20,0x20,0x20,
0x3F,0x3F,0x00,0x00,/*"3",19*/

0x00,0x00,0xFC,0xFC,0x00,0x00,0xF8,0xF8,0x00,0x00,0x00,0x00,0x03,0x03,0x02,0x02,
0x3F,0x3F,0x02,0x00,/*"4",20*/

0x00,0x00,0xFC,0xFC,0x84,0x84,0x84,0x84,0x84,0x00,0x00,0x10,0x30,0x30,0x20,0x20,
0x20,0x3F,0x3F,0x00,/*"5",21*/

0x00,0xFC,0xFC,0x04,0x00,0x00,0x00,0x00,0x00,0x00,0x00,0x3F,0x3F,0x22,0x22,0x22,
0x22,0x3E,0x3E,0x00,/*"6",22*/

0x00,0x0C,0x0C,0x04,0x04,0x04,0x84,0xFC,0xFC,0x00,0x00,0x00,0x00,0x00,0x3E,0x3F,
0x01,0x00,0x00,0x00,/*"7",23*/

0x00,0x80,0xFC,0xFC,0x84,0x84,0xFC,0xFC,0x80,0x00,0x00,0x3F,0x3F,0x20,0x20,0x20,
0x20,0x3F,0x3F,0x00,/*"8",24*/

0x00,0x7C,0x7C,0x44,0x44,0x44,0x44,0xFC,0xFC,0x00,0x00,0x00,0x00,0x00,0x00,0x00,
0x20,0x3F,0x3F,0x00,/*"9",25*/

0x00,0x00,0x00,0x00,0x60,0x60,0x60,0x00,0x00,0x00,0x00,0x00,0x00,0x00,0x06,0x06,
0x06,0x00,0x00,0x00,/*":",26*/

0x00,0x00,0x00,0x30,0x30,0x30,0x00,0x00,0x00,0x00,0x00,0x00,0x00,0x01,0x01,0x01,
0x3F,0x3F,0x00,0x00,/*";",27*/

0x00,0x80,0xC0,0x40,0x60,0x30,0x18,0x08,0x08,0x00,0x00,0x00,0x01,0x01,0x03,0x06,
0x0C,0x08,0x08,0x00,/*"<",28*/

0x00,0x20,0x20,0x20,0x20,0x20,0x20,0x20,0x20,0x00,0x00,0x01,0x01,0x01,0x01,0x01,
0x01,0x01,0x01,0x00,/*"=",29*/

0x00,0x08,0x18,0x18,0x30,0x60,0x40,0xC0,0x80,0x00,0x00,0x08,0x08,0x0C,0x06,0x03,
0x01,0x01,0x00,0x00,/*">",30*/

0x00,0x40,0x60,0x30,0x18,0x8C,0xC4,0x7C,0x38,0x00,0x00,0x00,0x2E,0x2F,0x01,0x01,
0x00,0x00,0x00,0x00,/*"?",31*/

0x00,0x08,0x8C,0x8C,0x84,0x84,0x04,0xFC,0xF8,0x00,0x00,0x1F,0x3F,0x20,0x3F,0x3F,
0x20,0x3F,0x1F,0x00,/*"@",32*/

0x00,0x00,0x00,0xF0,0xFC,0xFC,0xF0,0x00,0x00,0x00,0x00,0x38,0x3F,0x07,0x04,0x04,
0x07,0x3F,0x38,0x00,/*"A",33*/

0x00,0xFC,0xFC,0x84,0x84,0x84,0x84,0xFC,0x78,0x00,0x00,0x3F,0x3F,0x20,0x20,0x20,
0x31,0x3F,0x1F,0x00,/*"B",34*/

0x00,0xC0,0xF8,0x3C,0x04,0x04,0x04,0x04,0x04,0x00,0x00,0x03,0x1F,0x3C,0x20,0x20,
0x20,0x20,0x20,0x00,/*"C",35*/

0x00,0x04,0xFC,0xFC,0x04,0x04,0x3C,0xF8,0xC0,0x00,0x00,0x20,0x3F,0x3F,0x20,0x30,
0x3C,0x0F,0x03,0x00,/*"D",36*/

0x00,0xFC,0xFC,0x84,0x84,0x84,0x04,0x04,0x04,0x00,0x00,0x3F,0x3F,0x20,0x20,0x20,
0x20,0x20,0x20,0x00,/*"E",37*/

0x00,0xFC,0xFC,0x44,0x44,0x44,0x44,0x44,0x04,0x00,0x00,0x3F,0x3F,0x00,0x00,0x00,
0x00,0x00,0x00,0x00,/*"F",38*/

0x00,0xC0,0xF0,0x38,0x0C,0x04,0x04,0x04,0x04,0x00,0x00,0x1F,0x3F,0x20,0x22,0x22,
0x22,0x3E,0x1E,0x00,/*"G",39*/

0x00,0xFC,0xFC,0x80,0x80,0x80,0x80,0xFC,0xFC,0x00,0x00,0x3F,0x3F,0x00,0x00,0x00,
0x00,0x3F,0x3F,0x00,/*"H",40*/

0x00,0x04,0x04,0x04,0xFC,0xFC,0x04,0x04,0x04,0x00,0x00,0x20,0x20,0x20,0x3F,0x3F,
0x20,0x20,0x20,0x00,/*"I",41*/

0x00,0x00,0x00,0x00,0x00,0x00,0xFC,0xFC,0x00,0x00,0x00,0x00,0x1E,0x3E,0x20,0x20,
0x3F,0x1F,0x00,0x00,/*"J",42*/

0x00,0xFC,0xFC,0xC0,0x60,0x30,0x18,0x0C,0x04,0x00,0x00,0x3F,0x3F,0x01,0x07,0x0E,
0x18,0x30,0x20,0x00,/*"K",43*/

0x00,0xFC,0xFC,0x00,0x00,0x00,0x00,0x00,0x00,0x00,0x00,0x3F,0x3F,0x20,0x20,0x20,
0x20,0x20,0x20,0x00,/*"L",44*/

0xFC,0xFC,0x0C,0x18,0x70,0x70,0x1C,0xFC,0xFC,0x00,0x3F,0x3F,0x00,0x00,0x00,0x00,
0x00,0x3F,0x3F,0x00,/*"M",45*/

0x00,0xFC,0xFC,0x7C,0xF0,0x80,0x00,0xFC,0xFC,0x00,0x00,0x3F,0x3F,0x00,0x01,0x0F,
0x3E,0x3F,0x3F,0x00,/*"N",46*/

0x00,0xFC,0xFC,0x04,0x04,0x04,0x04,0xFC,0xFC,0x00,0x00,0x3F,0x3F,0x20,0x20,0x20,
0x20,0x3F,0x3F,0x00,/*"0",16*/

0x00,0xFC,0xFC,0x04,0x04,0x04,0x04,0xFC,0xF8,0x00,0x00,0x3F,0x3F,0x01,0x01,0x01,
0x01,0x01,0x00,0x00,/*"P",48*/

0x00,0xC0,0xE0,0x30,0x18,0x0C,0x04,0xFC,0xF8,0x00,0x00,0x1F,0x3F,0x20,0x36,0x1E,
0x3C,0x2F,0x27,0x00,/*"Q",49*/

0x00,0xFC,0xFC,0x44,0xC4,0xC4,0x44,0x7C,0x38,0x00,0x00,0x3F,0x3F,0x00,0x00,0x03,
0x0F,0x3C,0x30,0x00,/*"R",50*/

0x00,0x1C,0x3C,0x64,0xC4,0x84,0x04,0x0C,0x0C,0x00,0x00,0x30,0x30,0x20,0x21,0x23,
0x26,0x3C,0x38,0x00,/*"S",51*/

0x00,0x0C,0x0C,0x04,0xFC,0xFC,0x04,0x0C,0x0C,0x00,0x00,0x00,0x00,0x00,0x3F,0x3F,
0x00,0x00,0x00,0x00,/*"T",52*/

0x00,0xFC,0xFC,0x00,0x00,0x00,0x00,0xFC,0xFC,0x00,0x00,0x1F,0x3F,0x20,0x20,0x20,
0x20,0x3F,0x1F,0x00,/*"U",53*/

0x00,0x7C,0xFC,0x80,0x00,0x00,0x80,0xFC,0x7C,0x00,0x00,0x00,0x01,0x07,0x3E,0x3E,
0x07,0x01,0x00,0x00,/*"V",54*/

0xFC,0xFC,0xC0,0xC0,0xFC,0xFC,0x00,0x00,0x00,0x00,0x1F,0x3F,0x3F,0x3F,0x3F,0x1F,
0x00,0x00,0x00,0x00,/*"W",55*/

0x00,0x0C,0x1C,0x70,0xE0,0xE0,0x70,0x1C,0x0C,0x00,0x00,0x30,0x38,0x0E,0x07,0x07,
0x0E,0x38,0x30,0x00,/*"X",56*/

0x00,0x1C,0x3C,0x60,0xC0,0xC0,0x60,0x3C,0x1C,0x00,0x00,0x00,0x00,0x00,0x3F,0x3F,
0x00,0x00,0x00,0x00,/*"Y",57*/

0x00,0x04,0x04,0x04,0x84,0xE4,0x74,0x1C,0x0C,0x00,0x00,0x30,0x38,0x2E,0x27,0x21,
0x20,0x20,0x20,0x00,/*"Z",58*/

0x00,0xFC,0xFC,0xFC,0xFC,0x04,0x04,0x04,0x04,0x00,0x00,0x3F,0x3F,0x3F,0x3F,0x20,
0x20,0x20,0x20,0x00,/*"[",59*/

0x00,0x00,0x0C,0x3C,0x70,0xC0,0x80,0x00,0x00,0x00,0x00,0x00,0x00,0x00,0x00,0x01,
0x07,0x0E,0x3C,0x30,/*"\",60*/

0x00,0x04,0x04,0x04,0x04,0xFC,0xFC,0xFC,0xFC,0x00,0x00,0x20,0x20,0x20,0x20,0x3F,
0x3F,0x3F,0x3F,0x00,/*"]",61*/

0x00,0x00,0x00,0xE0,0xF0,0xF0,0xE0,0x00,0x00,0x00,0x00,0x0C,0x0F,0x07,0x01,0x01,
0x07,0x0F,0x0C,0x00,/*"^",62*/

0x00,0x00,0x00,0x00,0x00,0x00,0x00,0x00,0x00,0x00,0x00,0x01,0x01,0x01,0x01,0x01,
0x01,0x01,0x01,0x00,/*"-",63*/

0x00,0x00,0x00,0x00,0xFC,0xFC,0x7C,0x0C,0x00,0x00,0x00,0x00,0x00,0x00,0x01,0x01,
0x00,0x00,0x00,0x00,/*"'",64*/

0x00,0x00,0x20,0x20,0x20,0x20,0x20,0xE0,0xC0,0x00,0x00,0x1E,0x3F,0x21,0x21,0x21,
0x31,0x3F,0x3F,0x00,/*"a",65*/

0x00,0xFC,0xFC,0x60,0x20,0x20,0x60,0xE0,0xC0,0x00,0x00,0x3F,0x3F,0x30,0x20,0x20,
0x30,0x3F,0x1F,0x00,/*"b",66*/

0x00,0x80,0xC0,0x60,0x20,0x20,0x20,0x20,0x00,0x00,0x00,0x0F,0x1F,0x30,0x20,0x20,
0x20,0x20,0x00,0x00,/*"c",67*/

0x00,0xC0,0xE0,0x60,0x20,0x20,0x60,0xFC,0xFC,0x00,0x00,0x1F,0x3F,0x30,0x20,0x20,
0x30,0x3F,0x3F,0x00,/*"d",68*/

0x00,0xC0,0xE0,0x60,0x20,0x20,0x60,0xE0,0xC0,0x00,0x00,0x1F,0x3F,0x32,0x22,0x22,
0x22,0x23,0x23,0x00,/*"e",69*/

0x00,0x00,0x20,0xF8,0xFC,0x24,0x24,0x24,0x04,0x00,0x00,0x00,0x00,0x3F,0x3F,0x00,
0x00,0x00,0x00,0x00,/*"f",70*/

0x00,0xC0,0xE0,0x60,0x20,0x20,0x60,0xE0,0xE0,0x00,0x00,0x0F,0x1F,0x18,0x10,0x10,
0x98,0xFF,0xFF,0x00,/*"g",71*/

0x00,0xFC,0xFC,0x60,0x20,0x20,0x20,0xE0,0xC0,0x00,0x00,0x3F,0x3F,0x00,0x00,0x00,
0x00,0x3F,0x3F,0x00,/*"h",72*/

0x00,0x00,0x20,0x26,0xE6,0xE6,0x00,0x00,0x00,0x00,0x00,0x00,0x20,0x20,0x3F,0x3F,
0x20,0x20,0x00,0x00,/*"i",73*/

0x00,0x00,0x00,0x20,0x20,0x26,0xE6,0xE6,0x00,0x00,0x00,0x00,0xC0,0xC0,0x00,0x00,
0xFF,0xFF,0x00,0x00,/*"j",74*/

0x00,0xFC,0xFC,0x80,0xC0,0x40,0x60,0x20,0x00,0x00,0x00,0x3F,0x3F,0x07,0x0C,0x18,
0x10,0x30,0x20,0x00,/*"k",75*/

0x00,0x00,0x04,0x04,0xFC,0xFC,0x00,0x00,0x00,0x00,0x00,0x00,0x20,0x20,0x3F,0x3F,
0x20,0x20,0x00,0x00,/*"l",76*/

0x00,0xE0,0xE0,0xE0,0xE0,0xE0,0xE0,0x00,0x00,0x00,0x00,0x3F,0x3F,0x3F,0x3F,0x3F,
0x3F,0x00,0x00,0x00,/*"m",77*/

0x00,0xE0,0xE0,0x60,0x20,0x20,0x20,0xE0,0xC0,0x00,0x00,0x3F,0x3F,0x00,0x00,0x00,
0x00,0x3F,0x3F,0x00,/*"n",78*/

0x00,0xC0,0xE0,0x60,0x20,0x20,0x60,0xE0,0xC0,0x00,0x00,0x1F,0x3F,0x30,0x20,0x20,
0x30,0x3F,0x1F,0x00,/*"o",79*/

0x00,0xE0,0xE0,0x60,0x20,0x20,0x60,0xC0,0x80,0x00,0x00,0xFF,0xFF,0x30,0x20,0x20,
0x30,0x1F,0x0F,0x00,/*"p",80*/

0x00,0xC0,0xE0,0x60,0x20,0x20,0x60,0xE0,0xE0,0x00,0x00,0x1F,0x3F,0x30,0x20,0x20,
0x30,0xFF,0xFF,0x00,/*"q",81*/

0x00,0xE0,0xE0,0x60,0x20,0x20,0xE0,0xC0,0x00,0x00,0x00,0x3F,0x3F,0x00,0x00,0x00,
0x00,0x00,0x00,0x00,/*"r",82*/

0x00,0xC0,0xE0,0x20,0x20,0x20,0x20,0x60,0x60,0x00,0x00,0x10,0x31,0x21,0x23,0x22,
0x22,0x3E,0x1C,0x00,/*"s",83*/

0x00,0x00,0x20,0xFC,0xFC,0x20,0x20,0x20,0x00,0x00,0x00,0x00,0x00,0x1F,0x3F,0x20,
0x20,0x30,0x10,0x00,/*"t",84*/

0x00,0xE0,0xE0,0x00,0x00,0x00,0x00,0xE0,0xE0,0x00,0x00,0x1F,0x3F,0x20,0x20,0x20,
0x30,0x3F,0x3F,0x00,/*"u",85*/

0x00,0x00,0xE0,0xE0,0x00,0x00,0x00,0xE0,0xE0,0x00,0x00,0x00,0x01,0x0F,0x3E,0x30,
0x3E,0x0F,0x01,0x00,/*"v",86*/

0x00,0xE0,0xE0,0x00,0x00,0xE0,0xE0,0x00,0x00,0x00,0x00,0x3F,0x3F,0x3F,0x3F,0x3F,
0x3F,0x00,0x00,0x00,/*"w",87*/

0x00,0x60,0xE0,0x80,0x00,0x80,0xE0,0x60,0x00,0x00,0x00,0x30,0x38,0x0F,0x07,0x0F,
0x38,0x30,0x00,0x00,/*"x",88*/

0x00,0x00,0xE0,0xE0,0x00,0x00,0x00,0xE0,0xE0,0x00,0x00,0x00,0x01,0x0F,0x9E,0xF0,
0x7E,0x0F,0x01,0x00,/*"y",89*/

0x00,0x20,0x20,0x20,0x20,0x20,0xA0,0xE0,0x60,0x00,0x00,0x30,0x38,0x2C,0x26,0x23,
0x21,0x20,0x20,0x00,/*"z",90*/

};
const uint8 ascii_OCR_16x24[][48]=	  
{
0x00,0x00,0x00,0x00,0x00,0x00,0x00,0x00,0x00,0x00,0x00,0x00,0x00,0x00,0x00,0x00,
0x00,0x00,0x00,0x00,0x00,0x00,0x00,0x00,0x00,0x00,0x00,0x00,0x00,0x00,0x00,0x00,
0x00,0x00,0x00,0x00,0x00,0x00,0x00,0x00,0x00,0x00,0x00,0x00,0x00,0x00,0x00,0x00,/*" ",0*/
0x00,0x00,0x00,0x00,0x00,0x00,0x00,0xFE,0xFE,0xFE,0xFE,0x00,0x00,0x00,0x00,0x00,
0x00,0x00,0x00,0x00,0x00,0x00,0x00,0x03,0x1F,0x1F,0x03,0x00,0x00,0x00,0x00,0x00,
0x00,0x00,0x00,0x00,0x00,0x00,0x00,0x0E,0x0E,0x0E,0x0E,0x00,0x00,0x00,0x00,0x00,/*"!",1*/
0x00,0x00,0x00,0x3E,0xFE,0xFE,0x3E,0x06,0x06,0x06,0x3E,0xFE,0xFE,0xFE,0x1E,0x00,
0x00,0x00,0x00,0x00,0x03,0x03,0x00,0x00,0x00,0x00,0x00,0x03,0x03,0x01,0x00,0x00,
0x00,0x00,0x00,0x00,0x00,0x00,0x00,0x00,0x00,0x00,0x00,0x00,0x00,0x00,0x00,0x00,/*""",2*/
0x00,0x00,0x00,0x00,0xC0,0xC0,0xFE,0xFE,0xC0,0xC0,0xFE,0xFE,0xC0,0xC0,0x00,0x00,
0x00,0x00,0x00,0x00,0x18,0x18,0xFF,0xFF,0x18,0x18,0xFF,0xFF,0x18,0x18,0x00,0x00,
0x00,0x00,0x00,0x00,0x00,0x00,0x03,0x03,0x00,0x00,0x03,0x03,0x00,0x00,0x00,0x00,/*"#",3*/
0x00,0x00,0x00,0xF8,0xF8,0x18,0x18,0x18,0x1E,0x1E,0x18,0x18,0x18,0x18,0x18,0x00,
0x00,0x00,0x00,0xC3,0xC3,0xC3,0xC3,0xC3,0xC3,0xC3,0xC3,0xC3,0xC3,0xFF,0xFF,0x00,
0x00,0x00,0x00,0x00,0x00,0x00,0x00,0x00,0x03,0x03,0x00,0x00,0x00,0x00,0x00,0x00,/*"$",4*/
0x00,0x00,0x00,0x1E,0x1E,0x1E,0x1E,0x1E,0x00,0x00,0xC0,0xE0,0xF0,0x38,0x18,0x00,
0x00,0x00,0x00,0x00,0x80,0xE0,0xF0,0x78,0x1E,0x0F,0x03,0x01,0x00,0x00,0x00,0x00,
0x00,0x00,0x00,0x03,0x03,0x01,0x00,0x00,0x00,0x00,0x0F,0x0F,0x0F,0x0F,0x0F,0x00,/*"%",5*/
0x00,0x00,0x00,0xF8,0xFC,0x86,0x06,0x06,0x06,0x86,0xFC,0xF8,0x00,0x00,0x00,0x00,
0x00,0x00,0x00,0xC1,0xE3,0x7F,0x7E,0x7E,0xFF,0xE7,0xC3,0x81,0xC0,0xC0,0xC0,0x00,
0x00,0x00,0x00,0x07,0x07,0x0C,0x0C,0x0C,0x0C,0x0F,0x07,0x07,0x0F,0x0F,0x0C,0x00,/*"&",6*/
0x00,0x00,0x00,0x00,0x00,0x00,0x1E,0xFE,0xFE,0xFE,0x1E,0x00,0x00,0x00,0x00,0x00,
0x00,0x00,0x00,0x00,0x00,0x00,0x00,0x03,0x03,0x01,0x00,0x00,0x00,0x00,0x00,0x00,
0x00,0x00,0x00,0x00,0x00,0x00,0x00,0x00,0x00,0x00,0x00,0x00,0x00,0x00,0x00,0x00,/*"'",7*/
0x00,0x00,0x00,0x00,0x00,0x00,0xC0,0xF0,0x78,0x3C,0x0E,0x06,0x00,0x00,0x00,0x00,
0x00,0x00,0x00,0x00,0x00,0x00,0x7F,0xFF,0xC0,0x00,0x00,0x00,0x00,0x00,0x00,0x00,
0x00,0x00,0x00,0x00,0x00,0x00,0x00,0x01,0x03,0x0F,0x0E,0x0C,0x00,0x00,0x00,0x00,/*"(",8*/
0x00,0x00,0x00,0x00,0x00,0x06,0x0E,0x3C,0x78,0xF0,0xC0,0x00,0x00,0x00,0x00,0x00,
0x00,0x00,0x00,0x00,0x00,0x00,0x00,0x00,0xC0,0xFF,0x7F,0x00,0x00,0x00,0x00,0x00,
0x00,0x00,0x00,0x00,0x00,0x0C,0x0E,0x0F,0x03,0x01,0x00,0x00,0x00,0x00,0x00,0x00,/*")",9*/
0x00,0x00,0x00,0xC0,0xC0,0x80,0x80,0x00,0xF0,0xF0,0x00,0x80,0x80,0xC0,0xC0,0x00,
0x00,0x00,0x00,0xC0,0xE1,0x73,0x73,0x3F,0xFF,0xFF,0x3F,0x73,0x73,0xE1,0xC0,0x00,
0x00,0x00,0x00,0x00,0x00,0x00,0x00,0x00,0x03,0x03,0x00,0x00,0x00,0x00,0x00,0x00,/*"*",10*/
0x00,0x00,0x00,0x00,0x00,0x00,0x00,0x00,0xE0,0xE0,0x00,0x00,0x00,0x00,0x00,0x00,
0x00,0x00,0x00,0x0C,0x0C,0x0C,0x0C,0x0C,0xFF,0xFF,0x0C,0x0C,0x0C,0x0C,0x0C,0x00,
0x00,0x00,0x00,0x00,0x00,0x00,0x00,0x00,0x01,0x01,0x00,0x00,0x00,0x00,0x00,0x00,/*"+",11*/
0x00,0x00,0x00,0x00,0x00,0x00,0x00,0x00,0x00,0x00,0x00,0x00,0x00,0x00,0x00,0x00,
0x00,0x00,0x00,0x00,0x00,0x30,0x30,0x30,0x30,0x30,0xF0,0xF0,0x00,0x00,0x00,0x00,
0x00,0x00,0x00,0x00,0x00,0x00,0x00,0x00,0x00,0x00,0x0F,0x0F,0x00,0x00,0x00,0x00,/*",",12*/
0x00,0x00,0x00,0x00,0x00,0x00,0x00,0x00,0x00,0x00,0x00,0x00,0x00,0x00,0x00,0x00,
0x00,0x00,0x00,0x0E,0x0E,0x0E,0x0E,0x0E,0x0E,0x0E,0x0E,0x0E,0x0E,0x0E,0x0E,0x00,
0x00,0x00,0x00,0x00,0x00,0x00,0x00,0x00,0x00,0x00,0x00,0x00,0x00,0x00,0x00,0x00,/*"-",13*/
0x00,0x00,0x00,0x00,0x00,0x00,0x00,0x00,0x00,0x00,0x00,0x00,0x00,0x00,0x00,0x00,
0x00,0x00,0x00,0x00,0x00,0x00,0xE0,0xE0,0xE0,0xE0,0x00,0x00,0x00,0x00,0x00,0x00,
0x00,0x00,0x00,0x00,0x00,0x00,0x01,0x01,0x01,0x01,0x00,0x00,0x00,0x00,0x00,0x00,/*".",14*/
0x00,0x00,0x00,0x00,0x00,0x00,0x00,0x00,0x00,0x80,0xE0,0xF0,0x7C,0x1E,0x06,0x00,
0x00,0x00,0x00,0x00,0x00,0xC0,0xF0,0xF8,0x3E,0x0F,0x03,0x01,0x00,0x00,0x00,0x00,
0x00,0x00,0x00,0x0C,0x0F,0x07,0x01,0x00,0x00,0x00,0x00,0x00,0x00,0x00,0x00,0x00,/*"/",15*/
0x00,0x00,0x00,0xFC,0xFE,0x06,0x06,0x06,0x06,0x06,0x06,0x06,0x06,0xFE,0xFC,0x00,
0x00,0x00,0x00,0xFF,0xFF,0x00,0x00,0x00,0x00,0x00,0x00,0x00,0x00,0xFF,0xFF,0x00,
0x00,0x00,0x00,0x07,0x0F,0x0C,0x0C,0x0C,0x0C,0x0C,0x0C,0x0C,0x0C,0x0F,0x07,0x00,/*"0",16*/
0x00,0x00,0x00,0x06,0x06,0x06,0x06,0x06,0xFE,0xFE,0x00,0x00,0x00,0x00,0x00,0x00,
0x00,0x00,0x00,0x00,0x00,0x00,0x00,0x00,0xFF,0xFF,0x00,0x00,0x00,0xF8,0xF8,0x00,
0x00,0x00,0x00,0x0C,0x0C,0x0C,0x0C,0x0C,0x0F,0x0F,0x0C,0x0C,0x0C,0x0F,0x0F,0x00,/*"1",17*/
0x00,0x00,0x00,0x06,0x06,0x06,0x06,0x06,0x06,0x06,0x06,0x06,0x06,0xFE,0xFC,0x00,
0x00,0x00,0x00,0xF8,0xFC,0x0C,0x0C,0x0C,0x0C,0x0C,0x0C,0x0C,0x0C,0x0F,0x07,0x00,
0x00,0x00,0x00,0x0F,0x0F,0x0C,0x0C,0x0C,0x0C,0x0C,0x0C,0x0C,0x0C,0x0C,0x0C,0x00,/*"2",18*/
0x00,0x00,0x00,0x06,0x06,0x06,0x06,0x06,0x06,0x06,0x06,0x06,0x06,0xFE,0xFC,0x00,
0x00,0x00,0x00,0x00,0x00,0x0C,0x0C,0x0C,0x0C,0x0C,0x0C,0x0C,0x0C,0xFF,0xFF,0x00,
0x00,0x00,0x00,0x0C,0x0C,0x0C,0x0C,0x0C,0x0C,0x0C,0x0C,0x0C,0x0C,0x0F,0x07,0x00,/*"3",19*/
0x00,0x00,0x00,0xFE,0xFE,0x00,0x00,0x00,0x00,0x00,0x00,0x00,0xF8,0xF8,0x00,0x00,
0x00,0x00,0x00,0x3F,0x3F,0x30,0x30,0x30,0x30,0x30,0x30,0x30,0xFF,0xFF,0x30,0x00,
0x00,0x00,0x00,0x00,0x00,0x00,0x00,0x00,0x00,0x00,0x00,0x00,0x0F,0x0F,0x00,0x00,/*"4",20*/
0x00,0x00,0x00,0x00,0x00,0xFE,0xFE,0x06,0x06,0x06,0x06,0x06,0x06,0x06,0x06,0x00,
0x00,0x00,0x00,0x00,0x00,0x0F,0x0F,0x0C,0x0C,0x0C,0x0C,0x0C,0x0C,0xFC,0xF8,0x00,
0x00,0x00,0x00,0x06,0x06,0x0C,0x0C,0x0C,0x0C,0x0C,0x0C,0x0C,0x0C,0x0F,0x07,0x00,/*"5",21*/
0x00,0x00,0x00,0xFE,0xFE,0x06,0x00,0x00,0x00,0x00,0x00,0x00,0x00,0x00,0x00,0x00,
0x00,0x00,0x00,0xFF,0xFF,0x18,0x18,0x18,0x18,0x18,0x18,0x18,0x18,0xF8,0xF0,0x00,
0x00,0x00,0x00,0x07,0x0F,0x0C,0x0C,0x0C,0x0C,0x0C,0x0C,0x0C,0x0C,0x0F,0x07,0x00,/*"6",22*/
0x00,0x00,0x00,0x0E,0x0E,0x06,0x06,0x06,0x06,0x06,0x06,0x06,0x06,0xFE,0xFE,0x00,
0x00,0x00,0x00,0x00,0x00,0x00,0x00,0x00,0xF8,0xF8,0x1C,0x0E,0x07,0x03,0x01,0x00,
0x00,0x00,0x00,0x00,0x00,0x00,0x00,0x00,0x0F,0x0F,0x00,0x00,0x00,0x00,0x00,0x00,/*"7",23*/
0x00,0x00,0x00,0x00,0xFE,0xFE,0x06,0x06,0x06,0x06,0x06,0x06,0xFE,0xFE,0x00,0x00,
0x00,0x00,0x00,0xFC,0xFF,0x0F,0x0C,0x0C,0x0C,0x0C,0x0C,0x0C,0x0F,0xFF,0xFC,0x00,
0x00,0x00,0x00,0x07,0x0F,0x0C,0x0C,0x0C,0x0C,0x0C,0x0C,0x0C,0x0C,0x0F,0x07,0x00,/*"8",24*/
0x00,0x00,0x00,0xFC,0xFE,0x06,0x06,0x06,0x06,0x06,0x06,0x06,0x06,0xFE,0xFC,0x00,
0x00,0x00,0x00,0x01,0x03,0x03,0x03,0x03,0x03,0x03,0x03,0x03,0x03,0xFF,0xFF,0x00,
0x00,0x00,0x00,0x00,0x00,0x00,0x00,0x00,0x00,0x00,0x00,0x00,0x0C,0x0F,0x0F,0x00,/*"9",25*/
0x00,0x00,0x00,0x00,0x00,0x00,0xF0,0xF0,0xF0,0xF0,0x00,0x00,0x00,0x00,0x00,0x00,
0x00,0x00,0x00,0x00,0x00,0x00,0xE0,0xE0,0xE0,0xE0,0x00,0x00,0x00,0x00,0x00,0x00,
0x00,0x00,0x00,0x00,0x00,0x00,0x01,0x01,0x01,0x01,0x00,0x00,0x00,0x00,0x00,0x00,/*":",26*/
0x00,0x00,0x00,0x00,0x00,0x00,0x00,0xF0,0xF0,0xF0,0xF0,0x00,0x00,0x00,0x00,0x00,
0x00,0x00,0x00,0x00,0x00,0x30,0x30,0x30,0x30,0x30,0xF0,0xF0,0x00,0x00,0x00,0x00,
0x00,0x00,0x00,0x00,0x00,0x00,0x00,0x00,0x00,0x00,0x0F,0x0F,0x00,0x00,0x00,0x00,/*";",27*/
0x00,0x00,0x00,0x00,0x00,0x00,0x80,0x80,0xC0,0xE0,0xE0,0x70,0x30,0x38,0x18,0x00,
0x00,0x00,0x00,0x0E,0x1F,0x1F,0x3B,0x31,0x71,0xE0,0xE0,0xC0,0x80,0x80,0x00,0x00,
0x00,0x00,0x00,0x00,0x00,0x00,0x00,0x00,0x00,0x00,0x00,0x01,0x01,0x03,0x03,0x00,/*"<",28*/
0x00,0x00,0x00,0x80,0x80,0x80,0x80,0x80,0x80,0x80,0x80,0x80,0x80,0x80,0x80,0x00,
0x00,0x00,0x00,0x31,0x31,0x31,0x31,0x31,0x31,0x31,0x31,0x31,0x31,0x31,0x31,0x00,
0x00,0x00,0x00,0x00,0x00,0x00,0x00,0x00,0x00,0x00,0x00,0x00,0x00,0x00,0x00,0x00,/*"=",29*/
0x00,0x00,0x00,0x18,0x38,0x30,0x70,0xE0,0xE0,0xC0,0x80,0x80,0x00,0x00,0x00,0x00,
0x00,0x00,0x00,0x00,0x80,0x80,0xC0,0xE0,0xE0,0x71,0x31,0x3B,0x1F,0x1F,0x0E,0x00,
0x00,0x00,0x00,0x03,0x03,0x01,0x01,0x00,0x00,0x00,0x00,0x00,0x00,0x00,0x00,0x00,/*">",30*/
0x00,0x00,0x00,0x80,0xC0,0xC0,0xE0,0x70,0x38,0x1C,0x8E,0x86,0xCE,0xFC,0x78,0x00,
0x00,0x00,0x00,0x03,0x03,0xF1,0xF8,0x1C,0x0E,0x07,0x03,0x03,0x01,0x00,0x00,0x00,
0x00,0x00,0x00,0x00,0x00,0x0C,0x0C,0x00,0x00,0x00,0x00,0x00,0x00,0x00,0x00,0x00,/*"?",31*/
0x00,0x00,0x00,0x18,0x1C,0x0E,0x06,0x06,0x06,0x06,0x06,0x06,0x0E,0xFC,0xF8,0x00,
0x00,0x00,0x00,0xF8,0xFC,0x06,0x06,0x06,0xFE,0xFE,0x00,0x00,0x00,0xFF,0xFF,0x00,
0x00,0x00,0x00,0x03,0x07,0x0C,0x0C,0x0C,0x0F,0x0F,0x0C,0x0C,0x0C,0x07,0x03,0x00,/*"@",32*/
0x00,0x00,0x00,0x00,0x00,0x00,0xC0,0xF8,0xFE,0xFE,0xF8,0x80,0x00,0x00,0x00,0x00,
0x00,0x00,0x00,0x00,0xE0,0xFC,0xFF,0xCF,0xC1,0xC1,0xCF,0xFF,0xFC,0xE0,0x00,0x00,
0x00,0x00,0x00,0x0E,0x0F,0x07,0x00,0x00,0x00,0x00,0x00,0x00,0x07,0x0F,0x0E,0x00,/*"A",33*/
0x00,0x00,0x00,0xFE,0xFE,0x06,0x06,0x06,0x06,0x06,0x06,0x06,0x0C,0xFC,0xF0,0x00,
0x00,0x00,0x00,0xFF,0xFF,0x0C,0x0C,0x0C,0x0C,0x0C,0x0C,0x0C,0x1E,0xFF,0xF3,0x00,
0x00,0x00,0x00,0x0F,0x0F,0x0C,0x0C,0x0C,0x0C,0x0C,0x0C,0x0C,0x06,0x07,0x01,0x00,/*"B",34*/
0x00,0x00,0x00,0x00,0xE0,0xF8,0x7C,0x1E,0x06,0x06,0x06,0x06,0x06,0x06,0x06,0x00,
0x00,0x00,0x00,0x1F,0xFF,0xF1,0xC0,0x00,0x00,0x00,0x00,0x00,0x00,0x00,0x00,0x00,
0x00,0x00,0x00,0x00,0x00,0x03,0x07,0x0F,0x0C,0x0C,0x0C,0x0C,0x0C,0x0C,0x0C,0x00,/*"C",35*/
0x00,0x00,0x00,0x06,0x06,0xFE,0xFE,0x06,0x06,0x0E,0x3E,0x7C,0xF8,0xC0,0x00,0x00,
0x00,0x00,0x00,0x00,0x00,0xFF,0xFF,0x00,0x00,0x00,0x80,0xC0,0xF1,0x7F,0x1F,0x00,
0x00,0x00,0x00,0x0C,0x0C,0x0F,0x0F,0x0C,0x0C,0x0E,0x0F,0x07,0x03,0x00,0x00,0x00,/*"D",36*/
0x00,0x00,0x00,0xFE,0xFE,0x06,0x06,0x06,0x06,0x06,0x06,0x06,0x06,0x06,0x06,0x00,
0x00,0x00,0x00,0xFF,0xFF,0x0C,0x0C,0x0C,0x0C,0x0C,0x00,0x00,0x00,0x00,0x00,0x00,
0x00,0x00,0x00,0x0F,0x0F,0x0C,0x0C,0x0C,0x0C,0x0C,0x0C,0x0C,0x0C,0x0C,0x0C,0x00,/*"E",37*/
0x00,0x00,0x00,0xFE,0xFE,0x06,0x06,0x06,0x06,0x06,0x06,0x06,0x06,0x06,0x06,0x00,
0x00,0x00,0x00,0xFF,0xFF,0x03,0x03,0x03,0x03,0x03,0x03,0x03,0x03,0x00,0x00,0x00,
0x00,0x00,0x00,0x0F,0x0F,0x00,0x00,0x00,0x00,0x00,0x00,0x00,0x00,0x00,0x00,0x00,/*"F",38*/
0x00,0x00,0x00,0x00,0xC0,0xF0,0x78,0x3C,0x1E,0x06,0x06,0x06,0x06,0x06,0x06,0x00,
0x00,0x00,0x00,0xFF,0xFF,0x01,0x00,0x00,0x00,0x30,0x30,0x30,0x30,0xF0,0xF0,0x00,
0x00,0x00,0x00,0x03,0x07,0x0C,0x0C,0x0C,0x0C,0x0C,0x0C,0x0C,0x0C,0x07,0x03,0x00,/*"G",39*/
0x00,0x00,0x00,0xFE,0xFE,0x00,0x00,0x00,0x00,0x00,0x00,0x00,0x00,0xFE,0xFE,0x00,
0x00,0x00,0x00,0xFF,0xFF,0x0C,0x0C,0x0C,0x0C,0x0C,0x0C,0x0C,0x0C,0xFF,0xFF,0x00,
0x00,0x00,0x00,0x0F,0x0F,0x00,0x00,0x00,0x00,0x00,0x00,0x00,0x00,0x0F,0x0F,0x00,/*"H",40*/
0x00,0x00,0x00,0x06,0x06,0x06,0x06,0x06,0xFE,0xFE,0x06,0x06,0x06,0x06,0x06,0x00,
0x00,0x00,0x00,0x00,0x00,0x00,0x00,0x00,0xFF,0xFF,0x00,0x00,0x00,0x00,0x00,0x00,
0x00,0x00,0x00,0x0C,0x0C,0x0C,0x0C,0x0C,0x0F,0x0F,0x0C,0x0C,0x0C,0x0C,0x0C,0x00,/*"I",41*/
0x00,0x00,0x00,0x00,0x00,0x00,0x00,0x00,0x00,0x00,0x00,0x00,0x00,0x00,0xFE,0xFE,
0x00,0x00,0x00,0x00,0xF8,0xF8,0x00,0x00,0x00,0x00,0x00,0x00,0x00,0x00,0xFF,0xFF,
0x00,0x00,0x00,0x00,0x03,0x07,0x0C,0x0C,0x0C,0x0C,0x0C,0x0C,0x0C,0x0E,0x07,0x03,/*"J",42*/
0x00,0x00,0x00,0xFE,0xFE,0x00,0x80,0xC0,0xE0,0x70,0x78,0x3C,0x1C,0x0E,0x06,0x00,
0x00,0x00,0x00,0xFF,0xFF,0x3F,0x7B,0x71,0xE0,0xC0,0x80,0x80,0x00,0x00,0x00,0x00,
0x00,0x00,0x00,0x0F,0x0F,0x00,0x00,0x00,0x00,0x01,0x03,0x07,0x07,0x0E,0x0C,0x00,/*"K",43*/
0x00,0x00,0x00,0xFE,0xFE,0x00,0x00,0x00,0x00,0x00,0x00,0x00,0x00,0x00,0x00,0x00,
0x00,0x00,0x00,0xFF,0xFF,0x00,0x00,0x00,0x00,0x00,0x00,0x00,0x00,0x00,0x00,0x00,
0x00,0x00,0x00,0x0F,0x0F,0x0C,0x0C,0x0C,0x0C,0x0C,0x0C,0x0C,0x0C,0x0C,0x0C,0x00,/*"L",44*/
0x00,0x00,0x00,0xFE,0xFE,0x1E,0x3C,0x78,0xE0,0xE0,0x78,0x3C,0x1E,0xFE,0xFE,0x00,
0x00,0x00,0x00,0xFF,0xFF,0x00,0x00,0x00,0x03,0x03,0x00,0x00,0x00,0xFF,0xFF,0x00,
0x00,0x00,0x00,0x0F,0x0F,0x00,0x00,0x00,0x00,0x00,0x00,0x00,0x00,0x0F,0x0F,0x00,/*"M",45*/
0x00,0x00,0x00,0xFE,0xFE,0x7E,0xFC,0xF0,0xC0,0x00,0x00,0x00,0x00,0xFE,0xFE,0x00,
0x00,0x00,0x00,0xFF,0xFF,0x00,0x01,0x07,0x1F,0x7E,0xF8,0xE0,0x80,0xFF,0xFF,0x00,
0x00,0x00,0x00,0x0F,0x0F,0x00,0x00,0x00,0x00,0x00,0x01,0x07,0x0F,0x0F,0x0F,0x00,/*"N",46*/
0x00,0x00,0x00,0x00,0xE0,0xF8,0x7C,0x1E,0x06,0x06,0x1E,0x7C,0xF8,0xE0,0x00,0x00,
0x00,0x00,0x00,0x1F,0xFF,0xF1,0xC0,0x00,0x00,0x00,0x00,0xC0,0xF1,0xFF,0x1F,0x00,
0x00,0x00,0x00,0x00,0x00,0x03,0x07,0x0F,0x0C,0x0C,0x0F,0x07,0x03,0x00,0x00,0x00,/*"O",47*/
0x00,0x00,0x00,0xFE,0xFE,0x06,0x06,0x06,0x06,0x06,0x06,0x06,0x06,0xFC,0xF8,0x00,
0x00,0x00,0x00,0xFF,0xFF,0x18,0x18,0x18,0x18,0x18,0x18,0x18,0x18,0x0F,0x07,0x00,
0x00,0x00,0x00,0x0F,0x0F,0x00,0x00,0x00,0x00,0x00,0x00,0x00,0x00,0x00,0x00,0x00,/*"P",48*/
0x00,0x00,0x00,0x80,0xC0,0xE0,0x70,0x70,0x38,0x1C,0x0E,0x0E,0x06,0xFE,0xFC,0x00,
0x00,0x00,0x00,0xFF,0xFF,0x00,0x00,0x00,0x78,0xF8,0xF0,0xE0,0xF0,0x7F,0x1F,0x00,
0x00,0x00,0x00,0x07,0x0F,0x0C,0x0E,0x0E,0x07,0x03,0x07,0x0F,0x0C,0x0C,0x0C,0x00,/*"Q",49*/
0x00,0x00,0x00,0xFE,0xFE,0x06,0x06,0x06,0x06,0x06,0x06,0x06,0x06,0xFC,0xF8,0x00,
0x00,0x00,0x00,0xFF,0xFF,0x03,0x03,0x07,0x0F,0x3F,0x7B,0xF3,0xC3,0x01,0x00,0x00,
0x00,0x00,0x00,0x0F,0x0F,0x00,0x00,0x00,0x00,0x00,0x00,0x01,0x03,0x0F,0x0C,0x00,/*"R",50*/
0x00,0x00,0x00,0x1C,0x3E,0xF6,0xE6,0x86,0x06,0x06,0x06,0x06,0x06,0x1E,0x1C,0x00,
0x00,0x00,0x00,0x00,0x00,0x00,0x01,0x03,0x0F,0x1E,0x38,0xF0,0xE0,0x80,0x00,0x00,
0x00,0x00,0x00,0x07,0x0F,0x0C,0x0C,0x0C,0x0C,0x0C,0x0C,0x0C,0x0D,0x0F,0x07,0x00,/*"S",51*/
0x00,0x00,0x00,0x1E,0x1E,0x06,0x06,0x06,0xFE,0xFE,0x06,0x06,0x06,0x1E,0x1E,0x00,
0x00,0x00,0x00,0x00,0x00,0x00,0x00,0x00,0xFF,0xFF,0x00,0x00,0x00,0x00,0x00,0x00,
0x00,0x00,0x00,0x00,0x00,0x00,0x00,0x00,0x0F,0x0F,0x00,0x00,0x00,0x00,0x00,0x00,/*"T",52*/
0x00,0x00,0x00,0xFE,0xFE,0x00,0x00,0x00,0x00,0x00,0x00,0x00,0x00,0xFE,0xFE,0x00,
0x00,0x00,0x00,0xFF,0xFF,0x00,0x00,0x00,0x00,0x00,0x00,0x00,0x00,0xFF,0xFF,0x00,
0x00,0x00,0x00,0x03,0x07,0x0C,0x0C,0x0C,0x0C,0x0C,0x0C,0x0C,0x0C,0x07,0x03,0x00,/*"U",53*/
0x00,0x00,0x00,0xFE,0xFE,0x80,0x00,0x00,0x00,0x00,0x00,0x00,0x80,0xFE,0xFE,0x00,
0x00,0x00,0x00,0x00,0x07,0x1F,0xFC,0xF0,0x80,0x80,0xF0,0xFC,0x1F,0x07,0x00,0x00,
0x00,0x00,0x00,0x00,0x00,0x00,0x00,0x07,0x0F,0x0F,0x07,0x00,0x00,0x00,0x00,0x00,/*"V",54*/
0x00,0x00,0x00,0xFE,0xFE,0x00,0x00,0x00,0x80,0x80,0x00,0x00,0x00,0xFE,0xFE,0x00,
0x00,0x00,0x00,0xFF,0xFF,0x00,0x00,0x00,0xFF,0xFF,0x00,0x00,0x00,0xFF,0xFF,0x00,
0x00,0x00,0x00,0x03,0x0F,0x0E,0x0C,0x0C,0x0F,0x0F,0x0C,0x0C,0x0E,0x0F,0x03,0x00,/*"W",55*/
0x00,0x00,0x00,0x06,0x1E,0x7C,0xF0,0xC0,0x80,0x80,0xC0,0xF0,0x7C,0x1E,0x06,0x00,
0x00,0x00,0x00,0x00,0x00,0xC0,0xF1,0xFF,0x3F,0x3F,0xFB,0xF1,0xC0,0x00,0x00,0x00,
0x00,0x00,0x00,0x0C,0x0F,0x07,0x01,0x00,0x00,0x00,0x00,0x01,0x07,0x0F,0x0C,0x00,/*"X",56*/
0x00,0x00,0x00,0x1E,0x7E,0xE0,0xC0,0x80,0x00,0x00,0x80,0xC0,0xE0,0x7E,0x1E,0x00,
0x00,0x00,0x00,0x00,0x00,0x00,0x01,0x03,0xFF,0xFF,0x03,0x01,0x00,0x00,0x00,0x00,
0x00,0x00,0x00,0x00,0x00,0x00,0x00,0x00,0x0F,0x0F,0x00,0x00,0x00,0x00,0x00,0x00,/*"Y",57*/
0x00,0x00,0x00,0x06,0x06,0x06,0x06,0x06,0x06,0x86,0xE6,0xFE,0x7E,0x1E,0x0E,0x00,
0x00,0x00,0x00,0x00,0x00,0xC0,0xF0,0xFC,0x3E,0x0F,0x07,0x01,0x00,0x00,0x00,0x00,
0x00,0x00,0x00,0x0E,0x0F,0x0F,0x0F,0x0C,0x0C,0x0C,0x0C,0x0C,0x0C,0x0C,0x0C,0x00,/*"Z",58*/
0x00,0x00,0x00,0xFE,0xFE,0x06,0xFE,0xFE,0x06,0x06,0x06,0x06,0x06,0x06,0x06,0x00,
0x00,0x00,0x00,0xFF,0xFF,0x00,0xFF,0xFF,0x00,0x00,0x00,0x00,0x00,0x00,0x00,0x00,
0x00,0x00,0x00,0x0F,0x0F,0x0C,0x0F,0x0F,0x0C,0x0C,0x0C,0x0C,0x0C,0x0C,0x0C,0x00,/*"[",59*/
0x00,0x00,0x00,0x06,0x1E,0x7C,0xF0,0xE0,0x80,0x00,0x00,0x00,0x00,0x00,0x00,0x00,
0x00,0x00,0x00,0x00,0x00,0x00,0x01,0x03,0x0F,0x3E,0xF8,0xF0,0xC0,0x00,0x00,0x00,
0x00,0x00,0x00,0x00,0x00,0x00,0x00,0x00,0x00,0x00,0x00,0x01,0x07,0x0F,0x0C,0x00,/*"\",60*/
0x00,0x00,0x00,0x06,0x06,0x06,0x06,0x06,0x06,0x06,0xFE,0xFE,0x06,0xFE,0xFE,0x00,
0x00,0x00,0x00,0x00,0x00,0x00,0x00,0x00,0x00,0x00,0xFF,0xFF,0x00,0xFF,0xFF,0x00,
0x00,0x00,0x00,0x0C,0x0C,0x0C,0x0C,0x0C,0x0C,0x0C,0x0F,0x0F,0x0C,0x0F,0x0F,0x00,/*"]",61*/
0x00,0x00,0x00,0x00,0x00,0x00,0x00,0xC0,0xE0,0xE0,0xC0,0x00,0x00,0x00,0x00,0x00,
0x00,0x00,0x00,0xC0,0xF0,0xFC,0x3F,0x1F,0x07,0x07,0x1F,0x3F,0xFC,0xF0,0xC0,0x00,
0x00,0x00,0x00,0x01,0x01,0x00,0x00,0x00,0x00,0x00,0x00,0x00,0x00,0x01,0x01,0x00,/*"^",62*/
0x00,0x00,0x00,0x00,0x00,0x00,0x00,0x00,0x00,0x00,0x00,0x00,0x00,0x00,0x00,0x00,
0x00,0x00,0x00,0x0E,0x0E,0x0E,0x0E,0x0E,0x0E,0x0E,0x0E,0x0E,0x0E,0x0E,0x0E,0x00,
0x00,0x00,0x00,0x00,0x00,0x00,0x00,0x00,0x00,0x00,0x00,0x00,0x00,0x00,0x00,0x00,/*"-",63*/
0x00,0x00,0x00,0x00,0x00,0x00,0x1E,0xFE,0xFE,0xFE,0x1E,0x00,0x00,0x00,0x00,0x00,
0x00,0x00,0x00,0x00,0x00,0x00,0x00,0x03,0x03,0x01,0x00,0x00,0x00,0x00,0x00,0x00,
0x00,0x00,0x00,0x00,0x00,0x00,0x00,0x00,0x00,0x00,0x00,0x00,0x00,0x00,0x00,0x00,/*"'",64*/
0x00,0x00,0x00,0x00,0x00,0x80,0x80,0x80,0x80,0x80,0x80,0x80,0x80,0x80,0x00,0x00,
0x00,0x00,0x00,0xE0,0xF0,0x19,0x19,0x19,0x19,0x19,0x19,0x19,0x19,0xFF,0xFF,0x00,
0x00,0x00,0x00,0x03,0x07,0x0C,0x0C,0x0C,0x0C,0x0C,0x0C,0x0E,0x07,0x0F,0x0F,0x00,/*"a",65*/
0x00,0x00,0x00,0xFE,0xFE,0x00,0x80,0x80,0x80,0x80,0x80,0x80,0x80,0x00,0x00,0x00,
0x00,0x00,0x00,0xFF,0xFF,0x07,0x03,0x01,0x01,0x01,0x01,0x01,0x03,0xFF,0xFE,0x00,
0x00,0x00,0x00,0x0F,0x0F,0x07,0x0E,0x0C,0x0C,0x0C,0x0C,0x0C,0x0E,0x07,0x03,0x00,/*"b",66*/
0x00,0x00,0x00,0x00,0x00,0x00,0x80,0x80,0x80,0x80,0x80,0x80,0x80,0x80,0x80,0x00,
0x00,0x00,0x00,0xFC,0xFE,0x07,0x03,0x03,0x01,0x01,0x01,0x01,0x01,0x01,0x01,0x00,
0x00,0x00,0x00,0x01,0x03,0x07,0x0E,0x0C,0x0C,0x0C,0x0C,0x0C,0x0C,0x0C,0x0C,0x00,/*"c",67*/
0x00,0x00,0x00,0x00,0x00,0x80,0x80,0x80,0x80,0x80,0x80,0x80,0x00,0xFE,0xFE,0x00,
0x00,0x00,0x00,0xFE,0xFF,0x03,0x01,0x01,0x01,0x01,0x01,0x03,0x07,0xFF,0xFF,0x00,
0x00,0x00,0x00,0x03,0x07,0x0E,0x0C,0x0C,0x0C,0x0C,0x0C,0x0E,0x07,0x0F,0x0F,0x00,/*"d",68*/
0x00,0x00,0x00,0x00,0x00,0x80,0x80,0x80,0x80,0x80,0x80,0x80,0x80,0x00,0x00,0x00,
0x00,0x00,0x00,0xFE,0xFF,0xC7,0xC3,0xC1,0xC1,0xC1,0xC1,0xC3,0xC7,0xFF,0xFE,0x00,
0x00,0x00,0x00,0x03,0x07,0x0E,0x0C,0x0C,0x0C,0x0C,0x0C,0x0C,0x0C,0x0C,0x0C,0x00,/*"e",69*/
0x00,0x00,0x00,0x80,0x80,0xF8,0xFC,0x8E,0x86,0x86,0x86,0x06,0x06,0x00,0x00,0x00,
0x00,0x00,0x00,0x01,0x01,0xFF,0xFF,0x01,0x01,0x01,0x01,0x00,0x00,0x00,0x00,0x00,
0x00,0x00,0x00,0x00,0x00,0x0F,0x0F,0x00,0x00,0x00,0x00,0x00,0x00,0x00,0x00,0x00,/*"f",70*/
0x00,0x00,0x00,0x00,0x00,0x80,0x80,0x80,0x80,0x80,0x80,0x80,0x00,0x80,0x80,0x00,
0x00,0x00,0x00,0xFE,0xFF,0x03,0x01,0x01,0x01,0x01,0x01,0x03,0x07,0xFF,0xFF,0x00,
0x00,0x00,0x00,0x03,0x87,0x8E,0x8C,0x8C,0x8C,0x8C,0x8C,0x8E,0xC7,0xFF,0x7F,0x00,/*"g",71*/
0x00,0x00,0x00,0xFE,0xFE,0x00,0x00,0x00,0x80,0x80,0x80,0x80,0x80,0x00,0x00,0x00,
0x00,0x00,0x00,0xFF,0xFF,0x07,0x07,0x03,0x01,0x01,0x01,0x01,0x01,0xFF,0xFF,0x00,
0x00,0x00,0x00,0x0F,0x0F,0x00,0x00,0x00,0x00,0x00,0x00,0x00,0x00,0x0F,0x0F,0x00,/*"h",72*/
0x00,0x00,0x00,0x00,0x80,0x87,0x87,0x87,0x87,0x00,0x00,0x00,0x00,0x00,0x00,0x00,
0x00,0x00,0x00,0x00,0x01,0x01,0x01,0xFF,0xFF,0x00,0x00,0x00,0x00,0x00,0x00,0x00,
0x00,0x00,0x00,0x00,0x0C,0x0C,0x0C,0x0F,0x0F,0x0C,0x0C,0x0C,0x00,0x00,0x00,0x00,/*"i",73*/
0x00,0x00,0x00,0x00,0x00,0x80,0x80,0x80,0x87,0x87,0x87,0x87,0x00,0x00,0x00,0x00,
0x00,0x00,0x00,0x00,0x00,0x01,0x01,0x01,0x01,0x01,0xFF,0xFF,0x00,0x00,0x00,0x00,
0x00,0x00,0x00,0xE0,0xE0,0x80,0x80,0x80,0x80,0x80,0xFF,0x7F,0x00,0x00,0x00,0x00,/*"j",74*/
0x00,0x00,0x00,0xFE,0xFE,0x00,0x00,0x00,0x00,0x00,0x00,0x00,0x80,0x80,0x00,0x00,
0x00,0x00,0x00,0xFF,0xFF,0x70,0x78,0xF8,0xFC,0xCE,0x87,0x07,0x03,0x01,0x00,0x00,
0x00,0x00,0x00,0x0F,0x0F,0x00,0x00,0x00,0x00,0x01,0x03,0x07,0x07,0x0E,0x0C,0x00,/*"k",75*/
0x00,0x00,0x00,0x00,0x06,0x06,0x06,0xFE,0xFE,0x00,0x00,0x00,0x00,0x00,0x00,0x00,
0x00,0x00,0x00,0x00,0x00,0x00,0x00,0xFF,0xFF,0x00,0x00,0x00,0x00,0x00,0x00,0x00,
0x00,0x00,0x00,0x00,0x0C,0x0C,0x0C,0x0F,0x0F,0x0C,0x0C,0x0C,0x00,0x00,0x00,0x00,/*"l",76*/
0x00,0x00,0x00,0x80,0x80,0x80,0x80,0x80,0x80,0x00,0x80,0x80,0x80,0x80,0x00,0x00,
0x00,0x00,0x00,0xFF,0xFF,0x07,0x03,0x01,0xFF,0xFF,0x03,0x01,0x01,0xFF,0xFF,0x00,
0x00,0x00,0x00,0x0F,0x0F,0x00,0x00,0x00,0x0F,0x0F,0x00,0x00,0x00,0x0F,0x0F,0x00,/*"m",77*/
0x00,0x00,0x00,0x80,0x80,0x00,0x00,0x00,0x80,0x80,0x80,0x80,0x80,0x80,0x00,0x00,
0x00,0x00,0x00,0xFF,0xFF,0x07,0x07,0x03,0x03,0x01,0x01,0x01,0x01,0xFF,0xFE,0x00,
0x00,0x00,0x00,0x0F,0x0F,0x00,0x00,0x00,0x00,0x00,0x00,0x00,0x00,0x0F,0x0F,0x00,/*"n",78*/
0x00,0x00,0x00,0x00,0x00,0x80,0x80,0x80,0x80,0x80,0x80,0x80,0x80,0x00,0x00,0x00,
0x00,0x00,0x00,0xFE,0xFF,0x03,0x01,0x01,0x01,0x01,0x01,0x01,0x03,0xFF,0xFE,0x00,
0x00,0x00,0x00,0x03,0x07,0x0E,0x0C,0x0C,0x0C,0x0C,0x0C,0x0C,0x0E,0x07,0x03,0x00,/*"o",79*/
0x00,0x00,0x00,0x80,0x80,0x00,0x00,0x80,0x80,0x80,0x80,0x80,0x00,0x00,0x00,0x00,
0x00,0x00,0x00,0xFF,0xFF,0x07,0x03,0x03,0x01,0x01,0x01,0x03,0x07,0xFE,0xFC,0x00,
0x00,0x00,0x00,0xFF,0xFF,0x07,0x0E,0x0E,0x0C,0x0C,0x0C,0x0E,0x07,0x03,0x01,0x00,/*"p",80*/
0x00,0x00,0x00,0x00,0x00,0x80,0x80,0x80,0x80,0x80,0x80,0x80,0x00,0x80,0x80,0x00,
0x00,0x00,0x00,0xFE,0xFF,0x03,0x01,0x01,0x01,0x01,0x01,0x03,0x07,0xFF,0xFF,0x00,
0x00,0x00,0x00,0x03,0x07,0x0E,0x0C,0x0C,0x0C,0x0C,0x0C,0x0E,0x07,0xFF,0xFF,0x00,/*"q",81*/
0x00,0x00,0x00,0x80,0x80,0x00,0x00,0x00,0x80,0x80,0x80,0x80,0x80,0x00,0x00,0x00,
0x00,0x00,0x00,0xFF,0xFF,0x0E,0x07,0x07,0x03,0x01,0x01,0x01,0x01,0x1F,0x1E,0x00,
0x00,0x00,0x00,0x0F,0x0F,0x00,0x00,0x00,0x00,0x00,0x00,0x00,0x00,0x00,0x00,0x00,/*"r",82*/
0x00,0x00,0x00,0x00,0x80,0x80,0x80,0x80,0x80,0x80,0x80,0x80,0x80,0x80,0x00,0x00,
0x00,0x00,0x00,0x0F,0x1F,0x1D,0x19,0x39,0x39,0x71,0x71,0x61,0xE1,0xE3,0x83,0x00,
0x00,0x00,0x00,0x06,0x0E,0x0C,0x0C,0x0C,0x0C,0x0C,0x0C,0x0C,0x0C,0x07,0x03,0x00,/*"s",83*/
0x00,0x00,0x00,0x80,0x80,0xF8,0xF8,0x80,0x80,0x80,0x80,0x80,0x80,0x00,0x00,0x00,
0x00,0x00,0x00,0x01,0x01,0xFF,0xFF,0x01,0x01,0x01,0x01,0x01,0x01,0x00,0x00,0x00,
0x00,0x00,0x00,0x00,0x00,0x07,0x0F,0x0C,0x0C,0x0C,0x0C,0x0C,0x07,0x03,0x00,0x00,/*"t",84*/
0x00,0x00,0x00,0x80,0x80,0x00,0x00,0x00,0x00,0x00,0x00,0x00,0x00,0x80,0x80,0x00,
0x00,0x00,0x00,0xFF,0xFF,0x00,0x00,0x00,0x00,0x00,0x00,0x00,0x00,0xFF,0xFF,0x00,
0x00,0x00,0x00,0x03,0x07,0x0C,0x0C,0x0C,0x0C,0x0E,0x06,0x07,0x07,0x0F,0x0F,0x00,/*"u",85*/
0x00,0x00,0x00,0x80,0x80,0x00,0x00,0x00,0x00,0x00,0x00,0x00,0x00,0x80,0x80,0x00,
0x00,0x00,0x00,0x0F,0x3F,0xF8,0xE0,0x80,0x00,0x00,0x80,0xE0,0xF8,0x3F,0x0F,0x00,
0x00,0x00,0x00,0x00,0x00,0x00,0x07,0x0F,0x0E,0x0E,0x0F,0x07,0x00,0x00,0x00,0x00,/*"v",86*/
0x00,0x00,0x00,0x80,0x80,0x00,0x00,0x00,0x00,0x00,0x00,0x00,0x00,0x80,0x80,0x00,
0x00,0x00,0x00,0xFF,0xFF,0x00,0x00,0x00,0xF8,0xF8,0x00,0x00,0x00,0xFF,0xFF,0x00,
0x00,0x00,0x00,0x00,0x0F,0x0F,0x0E,0x0F,0x03,0x03,0x0F,0x0E,0x0F,0x0F,0x00,0x00,/*"w",87*/
0x00,0x00,0x00,0x80,0x80,0x00,0x00,0x00,0x00,0x00,0x00,0x00,0x00,0x80,0x80,0x00,
0x00,0x00,0x00,0x01,0x03,0x87,0xCE,0xFC,0xF8,0xF8,0xFC,0xDE,0x87,0x03,0x01,0x00,
0x00,0x00,0x00,0x0C,0x0E,0x07,0x03,0x01,0x00,0x00,0x01,0x03,0x07,0x0E,0x0C,0x00,/*"x",88*/
0x00,0x00,0x00,0x80,0x80,0x00,0x00,0x00,0x00,0x00,0x00,0x00,0x00,0x80,0x80,0x00,
0x00,0x00,0x00,0x0F,0x3F,0xF8,0xE0,0x80,0x00,0x00,0x80,0xE0,0xF8,0x3F,0x0F,0x00,
0x00,0x00,0x00,0x80,0x80,0x80,0x87,0xE7,0xFE,0x3E,0x0F,0x03,0x00,0x00,0x00,0x00,/*"y",89*/
0x00,0x00,0x00,0x00,0x80,0x80,0x80,0x80,0x80,0x80,0x80,0x80,0x80,0x80,0x80,0x00,
0x00,0x00,0x00,0x00,0x01,0x01,0x81,0xC1,0xE1,0x71,0x39,0x1D,0x0F,0x07,0x03,0x00,
0x00,0x00,0x00,0x0E,0x0F,0x0F,0x0F,0x0D,0x0C,0x0C,0x0C,0x0C,0x0C,0x0C,0x0C,0x00,/*"z",90*/
};
const uint8 ascii_OCRB_16x24[][48]=
{	
0x00,0x00,0x00,0x00,0x00,0x00,0x00,0x00,0x00,0x00,0x00,0x00,0x00,0x00,0x00,0x00,
0x00,0x00,0x00,0x00,0x00,0x00,0x00,0x00,0x00,0x00,0x00,0x00,0x00,0x00,0x00,0x00,
0x00,0x00,0x00,0x00,0x00,0x00,0x00,0x00,0x00,0x00,0x00,0x00,0x00,0x00,0x00,0x00,/*" ",0*/
0x00,0x00,0x00,0x00,0x00,0x00,0x00,0xFE,0xFE,0xFE,0xFE,0xFE,0x00,0x00,0x00,0x00,
0x00,0x00,0x00,0x00,0x00,0x00,0x00,0x03,0x1F,0x1F,0x1F,0x03,0x00,0x00,0x00,0x00,
0x00,0x00,0x00,0x00,0x00,0x00,0x00,0x0E,0x0E,0x0E,0x0E,0x0E,0x00,0x00,0x00,0x00,/*"!",1*/
0x00,0x00,0x00,0x3E,0xFE,0xFE,0xFE,0x3E,0x06,0x06,0x3E,0xFE,0xFE,0xFE,0xFE,0x1E,
0x00,0x00,0x00,0x00,0x03,0x03,0x03,0x00,0x00,0x00,0x00,0x03,0x03,0x03,0x01,0x00,
0x00,0x00,0x00,0x00,0x00,0x00,0x00,0x00,0x00,0x00,0x00,0x00,0x00,0x00,0x00,0x00,/*""",2*/
0x00,0x00,0x00,0x00,0xC0,0xC0,0xFE,0xFE,0xFE,0xC0,0xFE,0xFE,0xFE,0xC0,0xC0,0x00,
0x00,0x00,0x00,0x00,0x18,0x18,0xFF,0xFF,0xFF,0x18,0xFF,0xFF,0xFF,0x18,0x18,0x00,
0x00,0x00,0x00,0x00,0x00,0x00,0x03,0x03,0x03,0x00,0x03,0x03,0x03,0x00,0x00,0x00,/*"#",3*/
0x00,0x00,0x00,0xF8,0xF8,0xF8,0x18,0x18,0x1E,0x1E,0x1E,0x18,0x18,0x18,0x18,0x18,
0x00,0x00,0x00,0xC3,0xC3,0xC3,0xC3,0xC3,0xC3,0xC3,0xC3,0xC3,0xC3,0xFF,0xFF,0xFF,
0x00,0x00,0x00,0x00,0x00,0x00,0x00,0x00,0x03,0x03,0x03,0x00,0x00,0x00,0x00,0x00,/*"$",4*/
0x00,0x00,0x00,0x1E,0x1E,0x1E,0x1E,0x1E,0x1E,0x00,0xC0,0xE0,0xF0,0xF8,0x38,0x18,
0x00,0x00,0x00,0x00,0x80,0xE0,0xF0,0xF8,0x7E,0x1F,0x0F,0x03,0x01,0x00,0x00,0x00,
0x00,0x00,0x00,0x03,0x03,0x03,0x01,0x00,0x00,0x00,0x0F,0x0F,0x0F,0x0F,0x0F,0x0F,/*"%",5*/
0x00,0x00,0x00,0xF8,0xFC,0xFE,0x86,0x06,0x06,0x86,0xFE,0xFC,0xF8,0x00,0x00,0x00,
0x00,0x00,0x00,0xC1,0xE3,0xFF,0x7F,0x7E,0xFF,0xFF,0xE7,0xC3,0xC1,0xC0,0xC0,0xC0,
0x00,0x00,0x00,0x07,0x07,0x0F,0x0C,0x0C,0x0C,0x0F,0x0F,0x07,0x0F,0x0F,0x0F,0x0C,/*"&",6*/
0x00,0x00,0x00,0x00,0x00,0x00,0x1E,0xFE,0xFE,0xFE,0xFE,0x1E,0x00,0x00,0x00,0x00,
0x00,0x00,0x00,0x00,0x00,0x00,0x00,0x03,0x03,0x03,0x01,0x00,0x00,0x00,0x00,0x00,
0x00,0x00,0x00,0x00,0x00,0x00,0x00,0x00,0x00,0x00,0x00,0x00,0x00,0x00,0x00,0x00,/*"'",7*/
0x00,0x00,0x00,0x00,0x00,0x00,0xC0,0xF0,0xF8,0x7C,0x3E,0x0E,0x06,0x00,0x00,0x00,
0x00,0x00,0x00,0x00,0x00,0x00,0x7F,0xFF,0xFF,0xC0,0x00,0x00,0x00,0x00,0x00,0x00,
0x00,0x00,0x00,0x00,0x00,0x00,0x00,0x01,0x03,0x0F,0x0F,0x0E,0x0C,0x00,0x00,0x00,/*"(",8*/
0x00,0x00,0x00,0x00,0x00,0x06,0x0E,0x3E,0x7C,0xF8,0xF0,0xC0,0x00,0x00,0x00,0x00,
0x00,0x00,0x00,0x00,0x00,0x00,0x00,0x00,0xC0,0xFF,0xFF,0x7F,0x00,0x00,0x00,0x00,
0x00,0x00,0x00,0x00,0x00,0x0C,0x0E,0x0F,0x0F,0x03,0x01,0x00,0x00,0x00,0x00,0x00,/*")",9*/
0x00,0x00,0x00,0xC0,0xC0,0xC0,0x80,0x80,0xF0,0xF0,0xF0,0x80,0x80,0xC0,0xC0,0xC0,
0x00,0x00,0x00,0xC0,0xE1,0xF3,0x73,0x7F,0xFF,0xFF,0xFF,0x7F,0x73,0xF3,0xE1,0xC0,
0x00,0x00,0x00,0x00,0x00,0x00,0x00,0x00,0x03,0x03,0x03,0x00,0x00,0x00,0x00,0x00,/*"*",10*/
0x00,0x00,0x00,0x00,0x00,0x00,0x00,0x00,0xE0,0xE0,0xE0,0x00,0x00,0x00,0x00,0x00,
0x00,0x00,0x00,0x0C,0x0C,0x0C,0x0C,0x0C,0xFF,0xFF,0xFF,0x0C,0x0C,0x0C,0x0C,0x0C,
0x00,0x00,0x00,0x00,0x00,0x00,0x00,0x00,0x01,0x01,0x01,0x00,0x00,0x00,0x00,0x00,/*"+",11*/
0x00,0x00,0x00,0x00,0x00,0x00,0x00,0x00,0x00,0x00,0x00,0x00,0x00,0x00,0x00,0x00,
0x00,0x00,0x00,0x00,0x00,0x30,0x30,0x30,0x30,0x30,0xF0,0xF0,0xF0,0x00,0x00,0x00,
0x00,0x00,0x00,0x00,0x00,0x00,0x00,0x00,0x00,0x00,0x0F,0x0F,0x0F,0x00,0x00,0x00,/*",",12*/
0x00,0x00,0x00,0x00,0x00,0x00,0x00,0x00,0x00,0x00,0x00,0x00,0x00,0x00,0x00,0x00,
0x00,0x00,0x00,0x0E,0x0E,0x0E,0x0E,0x0E,0x0E,0x0E,0x0E,0x0E,0x0E,0x0E,0x0E,0x0E,
0x00,0x00,0x00,0x00,0x00,0x00,0x00,0x00,0x00,0x00,0x00,0x00,0x00,0x00,0x00,0x00,/*"-",13*/
0x00,0x00,0x00,0x00,0x00,0x00,0x00,0x00,0x00,0x00,0x00,0x00,0x00,0x00,0x00,0x00,
0x00,0x00,0x00,0x00,0x00,0x00,0xE0,0xE0,0xE0,0xE0,0xE0,0x00,0x00,0x00,0x00,0x00,
0x00,0x00,0x00,0x00,0x00,0x00,0x01,0x01,0x01,0x01,0x01,0x00,0x00,0x00,0x00,0x00,/*".",14*/
0x00,0x00,0x00,0x00,0x00,0x00,0x00,0x00,0x00,0x80,0xE0,0xF0,0xFC,0x7E,0x1E,0x06,
0x00,0x00,0x00,0x00,0x00,0xC0,0xF0,0xF8,0xFE,0x3F,0x0F,0x03,0x01,0x00,0x00,0x00,
0x00,0x00,0x00,0x0C,0x0F,0x0F,0x07,0x01,0x00,0x00,0x00,0x00,0x00,0x00,0x00,0x00,/*"/",15*/
0x00,0x00,0x00,0xFC,0xFE,0xFE,0x06,0x06,0x06,0x06,0x06,0x06,0x06,0xFE,0xFE,0xFC,
0x00,0x00,0x00,0xFF,0xFF,0xFF,0x00,0x00,0x00,0x00,0x00,0x00,0x00,0xFF,0xFF,0xFF,
0x00,0x00,0x00,0x07,0x0F,0x0F,0x0C,0x0C,0x0C,0x0C,0x0C,0x0C,0x0C,0x0F,0x0F,0x07,/*"0",16*/
0x00,0x00,0x00,0x06,0x06,0x06,0x06,0x06,0xFE,0xFE,0xFE,0x00,0x00,0x00,0x00,0x00,
0x00,0x00,0x00,0x00,0x00,0x00,0x00,0x00,0xFF,0xFF,0xFF,0x00,0x00,0xF8,0xF8,0xF8,
0x00,0x00,0x00,0x0C,0x0C,0x0C,0x0C,0x0C,0x0F,0x0F,0x0F,0x0C,0x0C,0x0F,0x0F,0x0F,/*"1",17*/
0x00,0x00,0x00,0x06,0x06,0x06,0x06,0x06,0x06,0x06,0x06,0x06,0x06,0xFE,0xFE,0xFC,
0x00,0x00,0x00,0xF8,0xFC,0xFC,0x0C,0x0C,0x0C,0x0C,0x0C,0x0C,0x0C,0x0F,0x0F,0x07,
0x00,0x00,0x00,0x0F,0x0F,0x0F,0x0C,0x0C,0x0C,0x0C,0x0C,0x0C,0x0C,0x0C,0x0C,0x0C,/*"2",18*/
0x00,0x00,0x00,0x06,0x06,0x06,0x06,0x06,0x06,0x06,0x06,0x06,0x06,0xFE,0xFE,0xFC,
0x00,0x00,0x00,0x00,0x00,0x0C,0x0C,0x0C,0x0C,0x0C,0x0C,0x0C,0x0C,0xFF,0xFF,0xFF,
0x00,0x00,0x00,0x0C,0x0C,0x0C,0x0C,0x0C,0x0C,0x0C,0x0C,0x0C,0x0C,0x0F,0x0F,0x07,/*"3",19*/
0x00,0x00,0x00,0xFE,0xFE,0xFE,0x00,0x00,0x00,0x00,0x00,0x00,0xF8,0xF8,0xF8,0x00,
0x00,0x00,0x00,0x3F,0x3F,0x3F,0x30,0x30,0x30,0x30,0x30,0x30,0xFF,0xFF,0xFF,0x30,
0x00,0x00,0x00,0x00,0x00,0x00,0x00,0x00,0x00,0x00,0x00,0x00,0x0F,0x0F,0x0F,0x00,/*"4",20*/
0x00,0x00,0x00,0x00,0x00,0xFE,0xFE,0xFE,0x06,0x06,0x06,0x06,0x06,0x06,0x06,0x06,
0x00,0x00,0x00,0x00,0x00,0x0F,0x0F,0x0F,0x0C,0x0C,0x0C,0x0C,0x0C,0xFC,0xFC,0xF8,
0x00,0x00,0x00,0x06,0x06,0x0E,0x0C,0x0C,0x0C,0x0C,0x0C,0x0C,0x0C,0x0F,0x0F,0x07,/*"5",21*/
0x00,0x00,0x00,0xFE,0xFE,0xFE,0x06,0x00,0x00,0x00,0x00,0x00,0x00,0x00,0x00,0x00,
0x00,0x00,0x00,0xFF,0xFF,0xFF,0x18,0x18,0x18,0x18,0x18,0x18,0x18,0xF8,0xF8,0xF0,
0x00,0x00,0x00,0x07,0x0F,0x0F,0x0C,0x0C,0x0C,0x0C,0x0C,0x0C,0x0C,0x0F,0x0F,0x07,/*"6",22*/
0x00,0x00,0x00,0x0E,0x0E,0x0E,0x06,0x06,0x06,0x06,0x06,0x06,0x06,0xFE,0xFE,0xFE,
0x00,0x00,0x00,0x00,0x00,0x00,0x00,0x00,0xF8,0xF8,0xFC,0x1E,0x0F,0x07,0x03,0x01,
0x00,0x00,0x00,0x00,0x00,0x00,0x00,0x00,0x0F,0x0F,0x0F,0x00,0x00,0x00,0x00,0x00,/*"7",23*/
0x00,0x00,0x00,0x00,0xFE,0xFE,0xFE,0x06,0x06,0x06,0x06,0x06,0xFE,0xFE,0xFE,0x00,
0x00,0x00,0x00,0xFC,0xFF,0xFF,0x0F,0x0C,0x0C,0x0C,0x0C,0x0C,0x0F,0xFF,0xFF,0xFC,
0x00,0x00,0x00,0x07,0x0F,0x0F,0x0C,0x0C,0x0C,0x0C,0x0C,0x0C,0x0C,0x0F,0x0F,0x07,/*"8",24*/
0x00,0x00,0x00,0xFC,0xFE,0xFE,0x06,0x06,0x06,0x06,0x06,0x06,0x06,0xFE,0xFE,0xFC,
0x00,0x00,0x00,0x01,0x03,0x03,0x03,0x03,0x03,0x03,0x03,0x03,0x03,0xFF,0xFF,0xFF,
0x00,0x00,0x00,0x00,0x00,0x00,0x00,0x00,0x00,0x00,0x00,0x00,0x0C,0x0F,0x0F,0x0F,/*"9",25*/
0x00,0x00,0x00,0x00,0x00,0x00,0xF0,0xF0,0xF0,0xF0,0xF0,0x00,0x00,0x00,0x00,0x00,
0x00,0x00,0x00,0x00,0x00,0x00,0xE0,0xE0,0xE0,0xE0,0xE0,0x00,0x00,0x00,0x00,0x00,
0x00,0x00,0x00,0x00,0x00,0x00,0x01,0x01,0x01,0x01,0x01,0x00,0x00,0x00,0x00,0x00,/*":",26*/
0x00,0x00,0x00,0x00,0x00,0x00,0x00,0xF0,0xF0,0xF0,0xF0,0xF0,0x00,0x00,0x00,0x00,
0x00,0x00,0x00,0x00,0x00,0x30,0x30,0x30,0x30,0x30,0xF0,0xF0,0xF0,0x00,0x00,0x00,
0x00,0x00,0x00,0x00,0x00,0x00,0x00,0x00,0x00,0x00,0x0F,0x0F,0x0F,0x00,0x00,0x00,/*";",27*/
0x00,0x00,0x00,0x00,0x00,0x00,0x80,0x80,0xC0,0xE0,0xE0,0xF0,0x70,0x38,0x38,0x18,
0x00,0x00,0x00,0x0E,0x1F,0x1F,0x3F,0x3B,0x71,0xF1,0xE0,0xE0,0xC0,0x80,0x80,0x00,
0x00,0x00,0x00,0x00,0x00,0x00,0x00,0x00,0x00,0x00,0x00,0x01,0x01,0x03,0x03,0x03,/*"<",28*/
0x00,0x00,0x00,0x80,0x80,0x80,0x80,0x80,0x80,0x80,0x80,0x80,0x80,0x80,0x80,0x80,
0x00,0x00,0x00,0x31,0x31,0x31,0x31,0x31,0x31,0x31,0x31,0x31,0x31,0x31,0x31,0x31,
0x00,0x00,0x00,0x00,0x00,0x00,0x00,0x00,0x00,0x00,0x00,0x00,0x00,0x00,0x00,0x00,/*"=",29*/
0x00,0x00,0x00,0x18,0x38,0x38,0x70,0xF0,0xE0,0xE0,0xC0,0x80,0x80,0x00,0x00,0x00,
0x00,0x00,0x00,0x00,0x80,0x80,0xC0,0xE0,0xE0,0xF1,0x71,0x3B,0x3F,0x1F,0x1F,0x0E,
0x00,0x00,0x00,0x03,0x03,0x03,0x01,0x01,0x00,0x00,0x00,0x00,0x00,0x00,0x00,0x00,/*">",30*/
0x00,0x00,0x00,0x80,0xC0,0xC0,0xE0,0xF0,0x78,0x3C,0x9E,0x8E,0xCE,0xFE,0xFC,0x78,
0x00,0x00,0x00,0x03,0x03,0xF3,0xF9,0xFC,0x1E,0x0F,0x07,0x03,0x03,0x01,0x00,0x00,
0x00,0x00,0x00,0x00,0x00,0x0C,0x0C,0x0C,0x00,0x00,0x00,0x00,0x00,0x00,0x00,0x00,/*"?",31*/
0x00,0x00,0x00,0x18,0x1C,0x1E,0x0E,0x06,0x06,0x06,0x06,0x06,0x0E,0xFE,0xFC,0xF8,
0x00,0x00,0x00,0xF8,0xFC,0xFE,0x06,0x06,0xFE,0xFE,0xFE,0x00,0x00,0xFF,0xFF,0xFF,
0x00,0x00,0x00,0x03,0x07,0x0F,0x0C,0x0C,0x0F,0x0F,0x0F,0x0C,0x0C,0x0F,0x07,0x03,/*"@",32*/
0x00,0x00,0x00,0x00,0x00,0x00,0xC0,0xF8,0xFE,0xFE,0xFE,0xF8,0x80,0x00,0x00,0x00,
0x00,0x00,0x00,0x00,0xE0,0xFC,0xFF,0xFF,0xCF,0xC1,0xCF,0xFF,0xFF,0xFC,0xE0,0x00,
0x00,0x00,0x00,0x0E,0x0F,0x0F,0x07,0x00,0x00,0x00,0x00,0x00,0x07,0x0F,0x0F,0x0E,/*"A",33*/
0x00,0x00,0x00,0xFE,0xFE,0xFE,0x06,0x06,0x06,0x06,0x06,0x06,0x0E,0xFC,0xFC,0xF0,
0x00,0x00,0x00,0xFF,0xFF,0xFF,0x0C,0x0C,0x0C,0x0C,0x0C,0x0C,0x1E,0xFF,0xFF,0xF3,
0x00,0x00,0x00,0x0F,0x0F,0x0F,0x0C,0x0C,0x0C,0x0C,0x0C,0x0C,0x0E,0x07,0x07,0x01,/*"B",34*/
0x00,0x00,0x00,0x00,0xE0,0xF8,0xFC,0x7E,0x1E,0x06,0x06,0x06,0x06,0x06,0x06,0x06,
0x00,0x00,0x00,0x1F,0xFF,0xFF,0xF1,0xC0,0x00,0x00,0x00,0x00,0x00,0x00,0x00,0x00,
0x00,0x00,0x00,0x00,0x00,0x03,0x07,0x0F,0x0F,0x0C,0x0C,0x0C,0x0C,0x0C,0x0C,0x0C,/*"C",35*/
0x00,0x00,0x00,0x06,0x06,0xFE,0xFE,0xFE,0x06,0x0E,0x3E,0x7E,0xFC,0xF8,0xC0,0x00,
0x00,0x00,0x00,0x00,0x00,0xFF,0xFF,0xFF,0x00,0x00,0x80,0xC0,0xF1,0xFF,0x7F,0x1F,
0x00,0x00,0x00,0x0C,0x0C,0x0F,0x0F,0x0F,0x0C,0x0E,0x0F,0x0F,0x07,0x03,0x00,0x00,/*"D",36*/
0x00,0x00,0x00,0xFE,0xFE,0xFE,0x06,0x06,0x06,0x06,0x06,0x06,0x06,0x06,0x06,0x06,
0x00,0x00,0x00,0xFF,0xFF,0xFF,0x0C,0x0C,0x0C,0x0C,0x0C,0x00,0x00,0x00,0x00,0x00,
0x00,0x00,0x00,0x0F,0x0F,0x0F,0x0C,0x0C,0x0C,0x0C,0x0C,0x0C,0x0C,0x0C,0x0C,0x0C,/*"E",37*/
0x00,0x00,0x00,0xFE,0xFE,0xFE,0x06,0x06,0x06,0x06,0x06,0x06,0x06,0x06,0x06,0x06,
0x00,0x00,0x00,0xFF,0xFF,0xFF,0x03,0x03,0x03,0x03,0x03,0x03,0x03,0x03,0x00,0x00,
0x00,0x00,0x00,0x0F,0x0F,0x0F,0x00,0x00,0x00,0x00,0x00,0x00,0x00,0x00,0x00,0x00,/*"F",38*/
0x00,0x00,0x00,0x00,0xC0,0xF0,0xF8,0x7C,0x3E,0x1E,0x06,0x06,0x06,0x06,0x06,0x06,
0x00,0x00,0x00,0xFF,0xFF,0xFF,0x01,0x00,0x00,0x30,0x30,0x30,0x30,0xF0,0xF0,0xF0,
0x00,0x00,0x00,0x03,0x07,0x0F,0x0C,0x0C,0x0C,0x0C,0x0C,0x0C,0x0C,0x0F,0x07,0x03,/*"G",39*/
0x00,0x00,0x00,0xFE,0xFE,0xFE,0x00,0x00,0x00,0x00,0x00,0x00,0x00,0xFE,0xFE,0xFE,
0x00,0x00,0x00,0xFF,0xFF,0xFF,0x0C,0x0C,0x0C,0x0C,0x0C,0x0C,0x0C,0xFF,0xFF,0xFF,
0x00,0x00,0x00,0x0F,0x0F,0x0F,0x00,0x00,0x00,0x00,0x00,0x00,0x00,0x0F,0x0F,0x0F,/*"H",40*/
0x00,0x00,0x00,0x06,0x06,0x06,0x06,0x06,0xFE,0xFE,0xFE,0x06,0x06,0x06,0x06,0x06,
0x00,0x00,0x00,0x00,0x00,0x00,0x00,0x00,0xFF,0xFF,0xFF,0x00,0x00,0x00,0x00,0x00,
0x00,0x00,0x00,0x0C,0x0C,0x0C,0x0C,0x0C,0x0F,0x0F,0x0F,0x0C,0x0C,0x0C,0x0C,0x0C,/*"I",41*/
0x00,0x00,0x00,0x00,0x00,0x00,0x00,0x00,0x00,0x00,0x00,0x00,0x00,0x00,0xFE,0xFE,
0x00,0x00,0x00,0x00,0xF8,0xF8,0xF8,0x00,0x00,0x00,0x00,0x00,0x00,0x00,0xFF,0xFF,
0x00,0x00,0x00,0x00,0x03,0x07,0x0F,0x0C,0x0C,0x0C,0x0C,0x0C,0x0C,0x0E,0x0F,0x07,/*"J",42*/
0x00,0x00,0x00,0xFE,0xFE,0xFE,0x80,0xC0,0xE0,0xF0,0x78,0x7C,0x3C,0x1E,0x0E,0x06,
0x00,0x00,0x00,0xFF,0xFF,0xFF,0x7F,0x7B,0xF1,0xE0,0xC0,0x80,0x80,0x00,0x00,0x00,
0x00,0x00,0x00,0x0F,0x0F,0x0F,0x00,0x00,0x00,0x01,0x03,0x07,0x07,0x0F,0x0E,0x0C,/*"K",43*/
0x00,0x00,0x00,0xFE,0xFE,0xFE,0x00,0x00,0x00,0x00,0x00,0x00,0x00,0x00,0x00,0x00,
0x00,0x00,0x00,0xFF,0xFF,0xFF,0x00,0x00,0x00,0x00,0x00,0x00,0x00,0x00,0x00,0x00,
0x00,0x00,0x00,0x0F,0x0F,0x0F,0x0C,0x0C,0x0C,0x0C,0x0C,0x0C,0x0C,0x0C,0x0C,0x0C,/*"L",44*/
0x00,0x00,0x00,0xFE,0xFE,0xFE,0x3E,0x7C,0xF8,0xE0,0xF8,0x7C,0x3E,0xFE,0xFE,0xFE,
0x00,0x00,0x00,0xFF,0xFF,0xFF,0x00,0x00,0x03,0x03,0x03,0x00,0x00,0xFF,0xFF,0xFF,
0x00,0x00,0x00,0x0F,0x0F,0x0F,0x00,0x00,0x00,0x00,0x00,0x00,0x00,0x0F,0x0F,0x0F,/*"M",45*/
0x00,0x00,0x00,0xFE,0xFE,0xFE,0xFE,0xFC,0xF0,0xC0,0x00,0x00,0x00,0xFE,0xFE,0xFE,
0x00,0x00,0x00,0xFF,0xFF,0xFF,0x01,0x07,0x1F,0x7F,0xFE,0xF8,0xE0,0xFF,0xFF,0xFF,
0x00,0x00,0x00,0x0F,0x0F,0x0F,0x00,0x00,0x00,0x00,0x01,0x07,0x0F,0x0F,0x0F,0x0F,/*"N",46*/
0x00,0x00,0x00,0x00,0xE0,0xF8,0xFC,0x7E,0x1E,0x06,0x1E,0x7E,0xFC,0xF8,0xE0,0x00,
0x00,0x00,0x00,0x1F,0xFF,0xFF,0xF1,0xC0,0x00,0x00,0x00,0xC0,0xF1,0xFF,0xFF,0x1F,
0x00,0x00,0x00,0x00,0x00,0x03,0x07,0x0F,0x0F,0x0C,0x0F,0x0F,0x07,0x03,0x00,0x00,/*"O",47*/
0x00,0x00,0x00,0xFE,0xFE,0xFE,0x06,0x06,0x06,0x06,0x06,0x06,0x06,0xFE,0xFC,0xF8,
0x00,0x00,0x00,0xFF,0xFF,0xFF,0x18,0x18,0x18,0x18,0x18,0x18,0x18,0x1F,0x0F,0x07,
0x00,0x00,0x00,0x0F,0x0F,0x0F,0x00,0x00,0x00,0x00,0x00,0x00,0x00,0x00,0x00,0x00,/*"P",48*/
0x00,0x00,0x00,0x80,0xC0,0xE0,0xF0,0x70,0x78,0x3C,0x1E,0x0E,0x0E,0xFE,0xFE,0xFC,
0x00,0x00,0x00,0xFF,0xFF,0xFF,0x00,0x00,0x78,0xF8,0xF8,0xF0,0xF0,0xFF,0x7F,0x1F,
0x00,0x00,0x00,0x07,0x0F,0x0F,0x0E,0x0E,0x0F,0x07,0x07,0x0F,0x0F,0x0C,0x0C,0x0C,/*"Q",49*/
0x00,0x00,0x00,0xFE,0xFE,0xFE,0x06,0x06,0x06,0x06,0x06,0x06,0x06,0xFE,0xFC,0xF8,
0x00,0x00,0x00,0xFF,0xFF,0xFF,0x03,0x07,0x0F,0x3F,0x7F,0xFB,0xF3,0xC3,0x01,0x00,
0x00,0x00,0x00,0x0F,0x0F,0x0F,0x00,0x00,0x00,0x00,0x00,0x01,0x03,0x0F,0x0F,0x0C,/*"R",50*/
0x00,0x00,0x00,0x1C,0x3E,0xFE,0xF6,0xE6,0x86,0x06,0x06,0x06,0x06,0x1E,0x1E,0x1C,
0x00,0x00,0x00,0x00,0x00,0x00,0x01,0x03,0x0F,0x1F,0x3E,0xF8,0xF0,0xE0,0x80,0x00,
0x00,0x00,0x00,0x07,0x0F,0x0F,0x0C,0x0C,0x0C,0x0C,0x0C,0x0C,0x0D,0x0F,0x0F,0x07,/*"S",51*/
0x00,0x00,0x00,0x1E,0x1E,0x1E,0x06,0x06,0xFE,0xFE,0xFE,0x06,0x06,0x1E,0x1E,0x1E,
0x00,0x00,0x00,0x00,0x00,0x00,0x00,0x00,0xFF,0xFF,0xFF,0x00,0x00,0x00,0x00,0x00,
0x00,0x00,0x00,0x00,0x00,0x00,0x00,0x00,0x0F,0x0F,0x0F,0x00,0x00,0x00,0x00,0x00,/*"T",52*/
0x00,0x00,0x00,0xFE,0xFE,0xFE,0x00,0x00,0x00,0x00,0x00,0x00,0x00,0xFE,0xFE,0xFE,
0x00,0x00,0x00,0xFF,0xFF,0xFF,0x00,0x00,0x00,0x00,0x00,0x00,0x00,0xFF,0xFF,0xFF,
0x00,0x00,0x00,0x03,0x07,0x0F,0x0C,0x0C,0x0C,0x0C,0x0C,0x0C,0x0C,0x0F,0x07,0x03,/*"U",53*/
0x00,0x00,0x00,0xFE,0xFE,0xFE,0x80,0x00,0x00,0x00,0x00,0x00,0x80,0xFE,0xFE,0xFE,
0x00,0x00,0x00,0x00,0x07,0x1F,0xFF,0xFC,0xF0,0x80,0xF0,0xFC,0xFF,0x1F,0x07,0x00,
0x00,0x00,0x00,0x00,0x00,0x00,0x00,0x07,0x0F,0x0F,0x0F,0x07,0x00,0x00,0x00,0x00,/*"V",54*/
0x00,0x00,0x00,0xFE,0xFE,0xFE,0x00,0x00,0x80,0x80,0x80,0x00,0x00,0xFE,0xFE,0xFE,
0x00,0x00,0x00,0xFF,0xFF,0xFF,0x00,0x00,0xFF,0xFF,0xFF,0x00,0x00,0xFF,0xFF,0xFF,
0x00,0x00,0x00,0x03,0x0F,0x0F,0x0E,0x0C,0x0F,0x0F,0x0F,0x0C,0x0E,0x0F,0x0F,0x03,/*"W",55*/
0x00,0x00,0x00,0x06,0x1E,0x7E,0xFC,0xF0,0xC0,0x80,0xC0,0xF0,0xFC,0x7E,0x1E,0x06,
0x00,0x00,0x00,0x00,0x00,0xC0,0xF1,0xFF,0xFF,0x3F,0xFF,0xFB,0xF1,0xC0,0x00,0x00,
0x00,0x00,0x00,0x0C,0x0F,0x0F,0x07,0x01,0x00,0x00,0x00,0x01,0x07,0x0F,0x0F,0x0C,/*"X",56*/
0x00,0x00,0x00,0x1E,0x7E,0xFE,0xE0,0xC0,0x80,0x00,0x80,0xC0,0xE0,0xFE,0x7E,0x1E,
0x00,0x00,0x00,0x00,0x00,0x00,0x01,0x03,0xFF,0xFF,0xFF,0x03,0x01,0x00,0x00,0x00,
0x00,0x00,0x00,0x00,0x00,0x00,0x00,0x00,0x0F,0x0F,0x0F,0x00,0x00,0x00,0x00,0x00,/*"Y",57*/
0x00,0x00,0x00,0x06,0x06,0x06,0x06,0x06,0x06,0x86,0xE6,0xFE,0xFE,0x7E,0x1E,0x0E,
0x00,0x00,0x00,0x00,0x00,0xC0,0xF0,0xFC,0xFE,0x3F,0x0F,0x07,0x01,0x00,0x00,0x00,
0x00,0x00,0x00,0x0E,0x0F,0x0F,0x0F,0x0F,0x0C,0x0C,0x0C,0x0C,0x0C,0x0C,0x0C,0x0C,/*"Z",58*/
0x00,0x00,0x00,0xFE,0xFE,0xFE,0xFE,0xFE,0xFE,0x06,0x06,0x06,0x06,0x06,0x06,0x06,
0x00,0x00,0x00,0xFF,0xFF,0xFF,0xFF,0xFF,0xFF,0x00,0x00,0x00,0x00,0x00,0x00,0x00,
0x00,0x00,0x00,0x0F,0x0F,0x0F,0x0F,0x0F,0x0F,0x0C,0x0C,0x0C,0x0C,0x0C,0x0C,0x0C,/*"[",59*/
0x00,0x00,0x00,0x06,0x1E,0x7E,0xFC,0xF0,0xE0,0x80,0x00,0x00,0x00,0x00,0x00,0x00,
0x00,0x00,0x00,0x00,0x00,0x00,0x01,0x03,0x0F,0x3F,0xFE,0xF8,0xF0,0xC0,0x00,0x00,
0x00,0x00,0x00,0x00,0x00,0x00,0x00,0x00,0x00,0x00,0x00,0x01,0x07,0x0F,0x0F,0x0C,/*"\",60*/
0x00,0x00,0x00,0x06,0x06,0x06,0x06,0x06,0x06,0x06,0xFE,0xFE,0xFE,0xFE,0xFE,0xFE,
0x00,0x00,0x00,0x00,0x00,0x00,0x00,0x00,0x00,0x00,0xFF,0xFF,0xFF,0xFF,0xFF,0xFF,
0x00,0x00,0x00,0x0C,0x0C,0x0C,0x0C,0x0C,0x0C,0x0C,0x0F,0x0F,0x0F,0x0F,0x0F,0x0F,/*"]",61*/
0x00,0x00,0x00,0x00,0x00,0x00,0x00,0xC0,0xE0,0xE0,0xE0,0xC0,0x00,0x00,0x00,0x00,
0x00,0x00,0x00,0xC0,0xF0,0xFC,0xFF,0x3F,0x1F,0x07,0x1F,0x3F,0xFF,0xFC,0xF0,0xC0,
0x00,0x00,0x00,0x01,0x01,0x01,0x00,0x00,0x00,0x00,0x00,0x00,0x00,0x01,0x01,0x01,/*"^",62*/
0x00,0x00,0x00,0x00,0x00,0x00,0x00,0x00,0x00,0x00,0x00,0x00,0x00,0x00,0x00,0x00,
0x00,0x00,0x00,0x0E,0x0E,0x0E,0x0E,0x0E,0x0E,0x0E,0x0E,0x0E,0x0E,0x0E,0x0E,0x0E,
0x00,0x00,0x00,0x00,0x00,0x00,0x00,0x00,0x00,0x00,0x00,0x00,0x00,0x00,0x00,0x00,/*"-",63*/
0x00,0x00,0x00,0x00,0x00,0x00,0x1E,0xFE,0xFE,0xFE,0xFE,0x1E,0x00,0x00,0x00,0x00,
0x00,0x00,0x00,0x00,0x00,0x00,0x00,0x03,0x03,0x03,0x01,0x00,0x00,0x00,0x00,0x00,
0x00,0x00,0x00,0x00,0x00,0x00,0x00,0x00,0x00,0x00,0x00,0x00,0x00,0x00,0x00,0x00,/*"'",64*/
0x00,0x00,0x00,0x00,0x00,0x80,0x80,0x80,0x80,0x80,0x80,0x80,0x80,0x80,0x80,0x00,
0x00,0x00,0x00,0xE0,0xF0,0xF9,0x19,0x19,0x19,0x19,0x19,0x19,0x19,0xFF,0xFF,0xFF,
0x00,0x00,0x00,0x03,0x07,0x0F,0x0C,0x0C,0x0C,0x0C,0x0C,0x0E,0x0F,0x0F,0x0F,0x0F,/*"a",65*/
0x00,0x00,0x00,0xFE,0xFE,0xFE,0x80,0x80,0x80,0x80,0x80,0x80,0x80,0x80,0x00,0x00,
0x00,0x00,0x00,0xFF,0xFF,0xFF,0x07,0x03,0x01,0x01,0x01,0x01,0x03,0xFF,0xFF,0xFE,
0x00,0x00,0x00,0x0F,0x0F,0x0F,0x0F,0x0E,0x0C,0x0C,0x0C,0x0C,0x0E,0x0F,0x07,0x03,/*"b",66*/
0x00,0x00,0x00,0x00,0x00,0x00,0x80,0x80,0x80,0x80,0x80,0x80,0x80,0x80,0x80,0x80,
0x00,0x00,0x00,0xFC,0xFE,0xFF,0x07,0x03,0x03,0x01,0x01,0x01,0x01,0x01,0x01,0x01,
0x00,0x00,0x00,0x01,0x03,0x07,0x0F,0x0E,0x0C,0x0C,0x0C,0x0C,0x0C,0x0C,0x0C,0x0C,/*"c",67*/
0x00,0x00,0x00,0x00,0x00,0x80,0x80,0x80,0x80,0x80,0x80,0x80,0x80,0xFE,0xFE,0xFE,
0x00,0x00,0x00,0xFE,0xFF,0xFF,0x03,0x01,0x01,0x01,0x01,0x03,0x07,0xFF,0xFF,0xFF,
0x00,0x00,0x00,0x03,0x07,0x0F,0x0E,0x0C,0x0C,0x0C,0x0C,0x0E,0x0F,0x0F,0x0F,0x0F,/*"d",68*/
0x00,0x00,0x00,0x00,0x00,0x80,0x80,0x80,0x80,0x80,0x80,0x80,0x80,0x80,0x00,0x00,
0x00,0x00,0x00,0xFE,0xFF,0xFF,0xC7,0xC3,0xC1,0xC1,0xC1,0xC3,0xC7,0xFF,0xFF,0xFE,
0x00,0x00,0x00,0x03,0x07,0x0F,0x0E,0x0C,0x0C,0x0C,0x0C,0x0C,0x0C,0x0C,0x0C,0x0C,/*"e",69*/
0x00,0x00,0x00,0x80,0x80,0xF8,0xFC,0xFE,0x8E,0x86,0x86,0x86,0x06,0x06,0x00,0x00,
0x00,0x00,0x00,0x01,0x01,0xFF,0xFF,0xFF,0x01,0x01,0x01,0x01,0x00,0x00,0x00,0x00,
0x00,0x00,0x00,0x00,0x00,0x0F,0x0F,0x0F,0x00,0x00,0x00,0x00,0x00,0x00,0x00,0x00,/*"f",70*/
0x00,0x00,0x00,0x00,0x00,0x80,0x80,0x80,0x80,0x80,0x80,0x80,0x80,0x80,0x80,0x80,
0x00,0x00,0x00,0xFE,0xFF,0xFF,0x03,0x01,0x01,0x01,0x01,0x03,0x07,0xFF,0xFF,0xFF,
0x00,0x00,0x00,0x03,0x87,0x8F,0x8E,0x8C,0x8C,0x8C,0x8C,0x8E,0xCF,0xFF,0xFF,0x7F,/*"g",71*/
0x00,0x00,0x00,0xFE,0xFE,0xFE,0x00,0x00,0x80,0x80,0x80,0x80,0x80,0x80,0x00,0x00,
0x00,0x00,0x00,0xFF,0xFF,0xFF,0x07,0x07,0x03,0x01,0x01,0x01,0x01,0xFF,0xFF,0xFF,
0x00,0x00,0x00,0x0F,0x0F,0x0F,0x00,0x00,0x00,0x00,0x00,0x00,0x00,0x0F,0x0F,0x0F,/*"h",72*/
0x00,0x00,0x00,0x00,0x80,0x87,0x87,0x87,0x87,0x87,0x00,0x00,0x00,0x00,0x00,0x00,
0x00,0x00,0x00,0x00,0x01,0x01,0x01,0xFF,0xFF,0xFF,0x00,0x00,0x00,0x00,0x00,0x00,
0x00,0x00,0x00,0x00,0x0C,0x0C,0x0C,0x0F,0x0F,0x0F,0x0C,0x0C,0x0C,0x00,0x00,0x00,/*"i",73*/
0x00,0x00,0x00,0x00,0x00,0x80,0x80,0x80,0x87,0x87,0x87,0x87,0x87,0x00,0x00,0x00,
0x00,0x00,0x00,0x00,0x00,0x01,0x01,0x01,0x01,0x01,0xFF,0xFF,0xFF,0x00,0x00,0x00,
0x00,0x00,0x00,0xE0,0xE0,0xE0,0x80,0x80,0x80,0x80,0xFF,0xFF,0x7F,0x00,0x00,0x00,/*"j",74*/
0x00,0x00,0x00,0xFE,0xFE,0xFE,0x00,0x00,0x00,0x00,0x00,0x00,0x80,0x80,0x80,0x00,
0x00,0x00,0x00,0xFF,0xFF,0xFF,0x78,0xF8,0xFC,0xFE,0xCF,0x87,0x07,0x03,0x01,0x00,
0x00,0x00,0x00,0x0F,0x0F,0x0F,0x00,0x00,0x00,0x01,0x03,0x07,0x07,0x0F,0x0E,0x0C,/*"k",75*/
0x00,0x00,0x00,0x00,0x06,0x06,0x06,0xFE,0xFE,0xFE,0x00,0x00,0x00,0x00,0x00,0x00,
0x00,0x00,0x00,0x00,0x00,0x00,0x00,0xFF,0xFF,0xFF,0x00,0x00,0x00,0x00,0x00,0x00,
0x00,0x00,0x00,0x00,0x0C,0x0C,0x0C,0x0F,0x0F,0x0F,0x0C,0x0C,0x0C,0x00,0x00,0x00,/*"l",76*/
0x00,0x00,0x00,0x80,0x80,0x80,0x80,0x80,0x80,0x80,0x80,0x80,0x80,0x80,0x80,0x00,
0x00,0x00,0x00,0xFF,0xFF,0xFF,0x07,0x03,0xFF,0xFF,0xFF,0x03,0x01,0xFF,0xFF,0xFF,
0x00,0x00,0x00,0x0F,0x0F,0x0F,0x00,0x00,0x0F,0x0F,0x0F,0x00,0x00,0x0F,0x0F,0x0F,/*"m",77*/
0x00,0x00,0x00,0x80,0x80,0x80,0x00,0x00,0x80,0x80,0x80,0x80,0x80,0x80,0x80,0x00,
0x00,0x00,0x00,0xFF,0xFF,0xFF,0x07,0x07,0x03,0x03,0x01,0x01,0x01,0xFF,0xFF,0xFE,
0x00,0x00,0x00,0x0F,0x0F,0x0F,0x00,0x00,0x00,0x00,0x00,0x00,0x00,0x0F,0x0F,0x0F,/*"n",78*/
0x00,0x00,0x00,0x00,0x00,0x80,0x80,0x80,0x80,0x80,0x80,0x80,0x80,0x80,0x00,0x00,
0x00,0x00,0x00,0xFE,0xFF,0xFF,0x03,0x01,0x01,0x01,0x01,0x01,0x03,0xFF,0xFF,0xFE,
0x00,0x00,0x00,0x03,0x07,0x0F,0x0E,0x0C,0x0C,0x0C,0x0C,0x0C,0x0E,0x0F,0x07,0x03,/*"o",79*/
0x00,0x00,0x00,0x80,0x80,0x80,0x00,0x80,0x80,0x80,0x80,0x80,0x80,0x00,0x00,0x00,
0x00,0x00,0x00,0xFF,0xFF,0xFF,0x07,0x03,0x03,0x01,0x01,0x03,0x07,0xFF,0xFE,0xFC,
0x00,0x00,0x00,0xFF,0xFF,0xFF,0x0F,0x0E,0x0E,0x0C,0x0C,0x0E,0x0F,0x07,0x03,0x01,/*"p",80*/
0x00,0x00,0x00,0x00,0x00,0x80,0x80,0x80,0x80,0x80,0x80,0x80,0x80,0x80,0x80,0x80,
0x00,0x00,0x00,0xFE,0xFF,0xFF,0x03,0x01,0x01,0x01,0x01,0x03,0x07,0xFF,0xFF,0xFF,
0x00,0x00,0x00,0x03,0x07,0x0F,0x0E,0x0C,0x0C,0x0C,0x0C,0x0E,0x0F,0xFF,0xFF,0xFF,/*"q",81*/
0x00,0x00,0x00,0x80,0x80,0x80,0x00,0x00,0x80,0x80,0x80,0x80,0x80,0x80,0x00,0x00,
0x00,0x00,0x00,0xFF,0xFF,0xFF,0x0F,0x07,0x07,0x03,0x01,0x01,0x01,0x1F,0x1F,0x1E,
0x00,0x00,0x00,0x0F,0x0F,0x0F,0x00,0x00,0x00,0x00,0x00,0x00,0x00,0x00,0x00,0x00,/*"r",82*/
0x00,0x00,0x00,0x00,0x80,0x80,0x80,0x80,0x80,0x80,0x80,0x80,0x80,0x80,0x80,0x00,
0x00,0x00,0x00,0x0F,0x1F,0x1F,0x1D,0x39,0x39,0x79,0x71,0x71,0xE1,0xE3,0xE3,0x83,
0x00,0x00,0x00,0x06,0x0E,0x0E,0x0C,0x0C,0x0C,0x0C,0x0C,0x0C,0x0C,0x0F,0x07,0x03,/*"s",83*/
0x00,0x00,0x00,0x80,0x80,0xF8,0xF8,0xF8,0x80,0x80,0x80,0x80,0x80,0x80,0x00,0x00,
0x00,0x00,0x00,0x01,0x01,0xFF,0xFF,0xFF,0x01,0x01,0x01,0x01,0x01,0x01,0x00,0x00,
0x00,0x00,0x00,0x00,0x00,0x07,0x0F,0x0F,0x0C,0x0C,0x0C,0x0C,0x0F,0x07,0x03,0x00,/*"t",84*/
0x00,0x00,0x00,0x80,0x80,0x80,0x00,0x00,0x00,0x00,0x00,0x00,0x00,0x80,0x80,0x80,
0x00,0x00,0x00,0xFF,0xFF,0xFF,0x00,0x00,0x00,0x00,0x00,0x00,0x00,0xFF,0xFF,0xFF,
0x00,0x00,0x00,0x03,0x07,0x0F,0x0C,0x0C,0x0C,0x0E,0x0E,0x07,0x07,0x0F,0x0F,0x0F,/*"u",85*/
0x00,0x00,0x00,0x80,0x80,0x80,0x00,0x00,0x00,0x00,0x00,0x00,0x00,0x80,0x80,0x80,
0x00,0x00,0x00,0x0F,0x3F,0xFF,0xF8,0xE0,0x80,0x00,0x80,0xE0,0xF8,0xFF,0x3F,0x0F,
0x00,0x00,0x00,0x00,0x00,0x00,0x07,0x0F,0x0F,0x0E,0x0F,0x0F,0x07,0x00,0x00,0x00,/*"v",86*/
0x00,0x00,0x00,0x80,0x80,0x80,0x00,0x00,0x00,0x00,0x00,0x00,0x00,0x80,0x80,0x80,
0x00,0x00,0x00,0xFF,0xFF,0xFF,0x00,0x00,0xF8,0xF8,0xF8,0x00,0x00,0xFF,0xFF,0xFF,
0x00,0x00,0x00,0x00,0x0F,0x0F,0x0F,0x0F,0x0F,0x03,0x0F,0x0F,0x0F,0x0F,0x0F,0x00,/*"w",87*/
0x00,0x00,0x00,0x80,0x80,0x80,0x00,0x00,0x00,0x00,0x00,0x00,0x00,0x80,0x80,0x80,
0x00,0x00,0x00,0x01,0x03,0x87,0xCF,0xFE,0xFC,0xF8,0xFC,0xFE,0xDF,0x87,0x03,0x01,
0x00,0x00,0x00,0x0C,0x0E,0x0F,0x07,0x03,0x01,0x00,0x01,0x03,0x07,0x0F,0x0E,0x0C,/*"x",88*/
0x00,0x00,0x00,0x80,0x80,0x80,0x00,0x00,0x00,0x00,0x00,0x00,0x00,0x80,0x80,0x80,
0x00,0x00,0x00,0x0F,0x3F,0xFF,0xF8,0xE0,0x80,0x00,0x80,0xE0,0xF8,0xFF,0x3F,0x0F,
0x00,0x00,0x00,0x80,0x80,0x80,0x87,0xE7,0xFF,0xFE,0x3F,0x0F,0x03,0x00,0x00,0x00,/*"y",89*/
0x00,0x00,0x00,0x00,0x80,0x80,0x80,0x80,0x80,0x80,0x80,0x80,0x80,0x80,0x80,0x80,
0x00,0x00,0x00,0x00,0x01,0x01,0x81,0xC1,0xE1,0xF1,0x79,0x3D,0x1F,0x0F,0x07,0x03,
0x00,0x00,0x00,0x0E,0x0F,0x0F,0x0F,0x0F,0x0D,0x0C,0x0C,0x0C,0x0C,0x0C,0x0C,0x0C,/*"z",90*/
};

const uint8 ascii_OCRB_8x16[][16]=	  
{
0x00,0x00,0x00,0x00,0x00,0x00,0x00,0x00,0x00,0x00,0x00,0x00,0x00,0x00,0x00,0x00,/*" ",0*/
0x00,0x00,0x00,0xF0,0xF0,0xF0,0x00,0x00,0x00,0x00,0x00,0x19,0x19,0x19,0x00,0x00,/*"!",1*/
0x00,0x70,0xF0,0xF0,0x10,0xF0,0xF0,0x70,0x00,0x00,0x00,0x00,0x00,0x00,0x00,0x00,/*""",2*/
0x00,0x00,0x40,0xF0,0xF0,0xF0,0xF0,0x40,0x00,0x00,0x01,0x07,0x07,0x07,0x07,0x01,/*"#",3*/
0x00,0x00,0xE0,0xE0,0x20,0x20,0x20,0x20,0x00,0x00,0x03,0x03,0x02,0x02,0x02,0x00,/*"$??",4*/
0x00,0x30,0x30,0x30,0x80,0xC0,0x60,0x20,0x00,0x08,0x0C,0x07,0x03,0x19,0x18,0x18,/*"%",5*/
0x00,0xE0,0xF0,0x90,0x90,0xF0,0xE0,0x00,0x00,0x1C,0x1F,0x17,0x17,0x1F,0x1C,0x14,/*"&",6*/
0x00,0x00,0x00,0xF0,0xF0,0x70,0x00,0x00,0x00,0x00,0x00,0x00,0x00,0x00,0x00,0x00,/*"'",7*/
0x00,0x00,0x00,0xC0,0xE0,0x70,0x10,0x00,0x00,0x00,0x00,0x0F,0x1F,0x18,0x10,0x00,/*"(",8*/
0x00,0x00,0x00,0x10,0x70,0xE0,0xC0,0x00,0x00,0x00,0x00,0x10,0x18,0x1F,0x0F,0x00,/*")",9*/
0x00,0xC0,0xC0,0xE0,0xE0,0xC0,0xC0,0x00,0x00,0x0C,0x0F,0x1F,0x1F,0x0F,0x0C,0x00,/*"*",10*/
0x00,0x00,0x00,0xC0,0xC0,0x00,0x00,0x00,0x00,0x01,0x01,0x07,0x07,0x01,0x01,0x00,/*"+",11*/
0x00,0x00,0x00,0x00,0x00,0x00,0x00,0x00,0x00,0x00,0x00,0x04,0x1C,0x1C,0x00,0x00,/*",",12*/
0x00,0x00,0x00,0x00,0x00,0x00,0x00,0x00,0x00,0x03,0x03,0x03,0x03,0x03,0x03,0x03,/*"-",13*/
0x00,0x00,0x00,0x00,0x00,0x00,0x00,0x00,0x00,0x00,0x00,0x0C,0x0C,0x0C,0x00,0x00,/*".",14*/
0x00,0x00,0x00,0x00,0x80,0xE0,0x70,0x30,0x00,0x18,0x1C,0x0F,0x07,0x01,0x00,0x00,/*"/",15*/
0x00,0xF0,0xF0,0x10,0x10,0x10,0xF0,0xF0,0x00,0x1F,0x1F,0x10,0x10,0x10,0x1F,0x1F,/*"0",16*/
0x00,0x10,0x10,0x10,0xF0,0xF0,0x00,0x00,0x00,0x10,0x10,0x10,0x1F,0x1F,0x18,0x18,/*"1",17*/
0x00,0x10,0x10,0x10,0x10,0x10,0xF0,0xF0,0x00,0x1F,0x1F,0x11,0x11,0x11,0x11,0x11,/*"2",18*/
0x00,0x10,0x10,0x10,0x10,0x10,0xF0,0xF0,0x00,0x10,0x11,0x11,0x11,0x11,0x1F,0x1F,/*"3",19*/
0x00,0xF0,0xF0,0x00,0x00,0xE0,0xE0,0x00,0x00,0x07,0x07,0x04,0x04,0x1F,0x1F,0x04,/*"4",20*/
0x00,0x00,0xF0,0xF0,0x10,0x10,0x10,0x10,0x00,0x18,0x19,0x11,0x11,0x11,0x1F,0x1F,/*"5",21*/
0x00,0xF0,0xF0,0x10,0x00,0x00,0x00,0x00,0x00,0x1F,0x1F,0x11,0x11,0x11,0x1F,0x1F,/*"6",22*/
0x00,0x30,0x30,0x10,0x10,0x10,0xF0,0xF0,0x00,0x00,0x00,0x00,0x1E,0x1F,0x03,0x01,/*"7",23*/
0x00,0x00,0xF0,0xF0,0x10,0xF0,0xF0,0x00,0x00,0x1F,0x1F,0x11,0x11,0x11,0x1F,0x1F,/*"8",24*/
0x00,0xF0,0xF0,0x10,0x10,0x10,0xF0,0xF0,0x00,0x01,0x01,0x01,0x01,0x11,0x1F,0x1F,/*"9",25*/
0x00,0x00,0x00,0x60,0x60,0x60,0x00,0x00,0x00,0x00,0x00,0x0C,0x0C,0x0C,0x00,0x00,/*":",26*/
0x00,0x00,0x00,0x60,0x60,0x60,0x00,0x00,0x00,0x00,0x00,0x04,0x1C,0x1C,0x00,0x00,/*";",27*/
0x00,0x00,0x80,0x80,0xC0,0xE0,0x60,0x20,0x00,0x03,0x07,0x07,0x0C,0x1C,0x18,0x10,/*"<",28*/
0x00,0x80,0x80,0x80,0x80,0x80,0x80,0x80,0x00,0x02,0x02,0x02,0x02,0x02,0x02,0x02,/*"=",29*/
0x00,0x20,0x60,0xE0,0xC0,0x80,0x80,0x00,0x00,0x10,0x18,0x1C,0x0C,0x07,0x07,0x03,/*">",30*/
0x00,0x80,0xC0,0x60,0xB0,0xF0,0xF0,0x60,0x00,0x00,0x16,0x17,0x01,0x01,0x00,0x00,/*"?",31*/
0x00,0x20,0x30,0x10,0x10,0x10,0x10,0xF0,0x00,0x0E,0x1F,0x11,0x1F,0x1F,0x10,0x1F,/*"@",32*/
0x00,0x00,0x80,0xF0,0xF0,0xF0,0x80,0x00,0x00,0x18,0x1F,0x0F,0x04,0x0F,0x1F,0x18,/*"A",33*/
0x00,0xF0,0xF0,0x10,0x10,0x10,0xF0,0xE0,0x00,0x1F,0x1F,0x11,0x11,0x11,0x1F,0x0E,/*"B",34*/
0x00,0x80,0xE0,0x70,0x10,0x10,0x10,0x10,0x00,0x03,0x0F,0x1C,0x10,0x10,0x10,0x10,/*"C",35*/
0x00,0x10,0xF0,0xF0,0x30,0x70,0xE0,0x80,0x00,0x10,0x1F,0x1F,0x18,0x1C,0x0F,0x03,/*"D",36*/
0x00,0xF0,0xF0,0x10,0x10,0x10,0x10,0x10,0x00,0x1F,0x1F,0x11,0x11,0x11,0x10,0x10,/*"E",37*/
0x00,0xF0,0xF0,0x10,0x10,0x10,0x10,0x10,0x00,0x1F,0x1F,0x01,0x01,0x01,0x01,0x00,/*"F",38*/
0x00,0x80,0xE0,0x70,0x30,0x10,0x10,0x10,0x00,0x1F,0x1F,0x10,0x12,0x12,0x1E,0x1E,/*"G",39*/
0x00,0xF0,0xF0,0x00,0x00,0x00,0xF0,0xF0,0x00,0x1F,0x1F,0x01,0x01,0x01,0x1F,0x1F,/*"H",40*/
0x00,0x10,0x10,0xF0,0xF0,0x10,0x10,0x00,0x00,0x10,0x10,0x1F,0x1F,0x10,0x10,0x00,/*"I",41*/
0x00,0x00,0x00,0x00,0x00,0x00,0x00,0xF0,0x00,0x00,0x0E,0x1E,0x10,0x10,0x10,0x1F,/*"J",42*/
0x00,0xF0,0xF0,0xC0,0xE0,0x60,0x30,0x10,0x00,0x1F,0x1F,0x07,0x0C,0x1C,0x18,0x10,/*"K",43*/
0x00,0xF0,0xF0,0x00,0x00,0x00,0x00,0x00,0x00,0x1F,0x1F,0x10,0x10,0x10,0x10,0x10,/*"L",44*/
0x00,0xF0,0xF0,0x70,0xE0,0xE0,0x70,0xF0,0x00,0x1F,0x1F,0x00,0x01,0x01,0x00,0x1F,/*"M",45*/
0x00,0xF0,0xF0,0xF0,0xC0,0x00,0xF0,0xF0,0x00,0x1F,0x1F,0x01,0x07,0x1F,0x1F,0x1F,/*"N",46*/
0x00,0x80,0xE0,0x70,0x10,0x70,0xE0,0x80,0x00,0x03,0x0F,0x1C,0x10,0x1C,0x0F,0x03,/*"O",47*/
0x00,0xF0,0xF0,0x10,0x10,0x10,0xF0,0xF0,0x00,0x1F,0x1F,0x01,0x01,0x01,0x01,0x01,/*"P",48*/
0x00,0x80,0xC0,0x60,0x70,0x30,0xF0,0xF0,0x00,0x1F,0x1F,0x1A,0x1E,0x1E,0x1F,0x13,/*"Q",49*/
0x00,0xF0,0xF0,0x10,0x10,0x10,0xF0,0xE0,0x00,0x1F,0x1F,0x03,0x07,0x0F,0x1D,0x10,/*"R",50*/
0x00,0x30,0xF0,0xD0,0x90,0x10,0x30,0x30,0x00,0x18,0x18,0x11,0x13,0x17,0x1E,0x18,/*"S",51*/
0x00,0x30,0x30,0x10,0xF0,0xF0,0x10,0x30,0x00,0x00,0x00,0x00,0x1F,0x1F,0x00,0x00,/*"T",52*/
0x00,0xF0,0xF0,0x00,0x00,0x00,0xF0,0xF0,0x00,0x1F,0x1F,0x10,0x10,0x10,0x1F,0x1F,/*"U",53*/
0x00,0xF0,0xF0,0x00,0x00,0x00,0xF0,0xF0,0x00,0x00,0x07,0x1F,0x1C,0x1F,0x07,0x00,/*"V",54*/
0x00,0xF0,0xF0,0x00,0x80,0x80,0x00,0xF0,0x00,0x1F,0x1F,0x10,0x1F,0x1F,0x10,0x1F,/*"W",55*/
0x00,0x30,0x70,0xE0,0x80,0xE0,0x70,0x30,0x00,0x18,0x1C,0x0F,0x07,0x0F,0x1C,0x10,/*"X",56*/
0x00,0x30,0x70,0xC0,0x80,0x80,0xC0,0x70,0x00,0x00,0x00,0x00,0x1F,0x1F,0x00,0x00,/*"Y",57*/
0x00,0x10,0x10,0x10,0xD0,0xF0,0x70,0x30,0x00,0x18,0x1C,0x1F,0x17,0x11,0x10,0x10,/*"Z",58*/
0x00,0xF0,0xF0,0xF0,0xF0,0x10,0x10,0x10,0x00,0x1F,0x1F,0x1F,0x1F,0x10,0x10,0x10,/*"[",59*/
0x00,0x30,0x70,0xE0,0x80,0x00,0x00,0x00,0x00,0x00,0x00,0x01,0x07,0x0F,0x1C,0x18,/*"\",60*/
0x00,0x10,0x10,0x10,0xF0,0xF0,0xF0,0xF0,0x00,0x10,0x10,0x10,0x1F,0x1F,0x1F,0x1F,/*"]",61*/
0x00,0x00,0x00,0xC0,0xC0,0xC0,0x00,0x00,0x00,0x0C,0x0F,0x07,0x03,0x07,0x0F,0x0C,/*"^",62*/
0x00,0x80,0x80,0x80,0x80,0x80,0x80,0x80,0x00,0x01,0x01,0x01,0x01,0x01,0x01,0x01,/*"-",63*/
0x00,0x00,0x00,0xF0,0xF0,0x70,0x00,0x00,0x00,0x00,0x00,0x00,0x00,0x00,0x00,0x00,/*"'",64*/
0x00,0x00,0x80,0x80,0x80,0x80,0x80,0x80,0x00,0x1E,0x1E,0x12,0x12,0x1A,0x1F,0x1F,/*"a",65*/
0x00,0xF0,0xF0,0x80,0x80,0x80,0x80,0x00,0x00,0x1F,0x1F,0x19,0x10,0x10,0x1F,0x0F,/*"b",66*/
0x00,0x00,0x80,0x80,0x80,0x80,0x80,0x80,0x00,0x0F,0x1F,0x19,0x10,0x10,0x10,0x10,/*"c",67*/
0x00,0x00,0x80,0x80,0x80,0x80,0xF0,0xF0,0x00,0x0F,0x1F,0x10,0x10,0x19,0x1F,0x1F,/*"d",68*/
0x00,0x00,0x80,0x80,0x80,0x80,0x80,0x00,0x00,0x0F,0x1F,0x14,0x14,0x14,0x17,0x17,/*"e",69*/
0x00,0x00,0x80,0xE0,0xF0,0x90,0x90,0x10,0x00,0x00,0x00,0x1F,0x1F,0x00,0x00,0x00,/*"f",70*/
0x00,0x00,0x80,0x80,0x80,0x80,0x80,0x80,0x00,0x0F,0x9F,0x90,0x90,0xD9,0xFF,0x7F,/*"g",71*/
0x00,0xF0,0xF0,0x80,0x80,0x80,0x80,0x80,0x00,0x1F,0x1F,0x01,0x00,0x00,0x1F,0x1F,/*"h",72*/
0x00,0x00,0x80,0x98,0x98,0x98,0x00,0x00,0x00,0x00,0x10,0x10,0x1F,0x1F,0x10,0x10,/*"i",73*/
0x00,0x00,0x00,0x80,0x98,0x98,0x98,0x00,0x00,0x40,0xC0,0xC0,0x80,0xFF,0x7F,0x00,/*"j",74*/
0x00,0xF0,0xF0,0x00,0x00,0x80,0x80,0x00,0x00,0x1F,0x1F,0x0F,0x0F,0x19,0x18,0x10,/*"k",75*/
0x00,0x00,0x10,0x10,0xF0,0xF0,0x00,0x00,0x00,0x00,0x10,0x10,0x1F,0x1F,0x10,0x10,/*"l",76*/
0x00,0x80,0x80,0x80,0x80,0x80,0x80,0x80,0x00,0x1F,0x1F,0x01,0x1F,0x1F,0x00,0x1F,/*"m",77*/
0x00,0x80,0x80,0x80,0x80,0x80,0x80,0x80,0x00,0x1F,0x1F,0x01,0x00,0x00,0x1F,0x1F,/*"n",78*/
0x00,0x00,0x80,0x80,0x80,0x80,0x80,0x00,0x00,0x0F,0x1F,0x10,0x10,0x10,0x1F,0x0F,/*"o",79*/
0x00,0x80,0x80,0x80,0x80,0x80,0x80,0x00,0x00,0xFF,0xFF,0x19,0x10,0x19,0x1F,0x0F,/*"p",80*/
0x00,0x00,0x80,0x80,0x80,0x80,0x80,0x80,0x00,0x0F,0x1F,0x10,0x10,0x19,0xFF,0xFF,/*"q",81*/
0x00,0x80,0x80,0x80,0x80,0x80,0x80,0x80,0x00,0x1F,0x1F,0x01,0x01,0x00,0x03,0x03,/*"r",82*/
0x00,0x80,0x80,0x80,0x80,0x80,0x80,0x80,0x00,0x1B,0x1B,0x12,0x16,0x14,0x1D,0x1D,/*"s",83*/
0x00,0x00,0x80,0xE0,0xE0,0x80,0x80,0x80,0x00,0x00,0x00,0x1F,0x1F,0x10,0x18,0x18,/*"t",84*/
0x00,0x80,0x80,0x00,0x00,0x00,0x80,0x80,0x00,0x1F,0x1F,0x10,0x10,0x18,0x1F,0x1F,/*"u",85*/
0x00,0x80,0x80,0x00,0x00,0x00,0x80,0x80,0x00,0x03,0x0F,0x1E,0x18,0x1E,0x0F,0x03,/*"v",86*/
0x00,0x80,0x80,0x00,0x00,0x00,0x00,0x80,0x00,0x1F,0x1F,0x18,0x1E,0x1E,0x18,0x1F,/*"w",87*/
0x00,0x80,0x80,0x00,0x00,0x00,0x80,0x80,0x00,0x10,0x19,0x1F,0x0E,0x1F,0x19,0x10,/*"x",88*/
0x00,0x80,0x80,0x00,0x00,0x00,0x80,0x80,0x00,0x83,0x8F,0xFE,0xF8,0x3E,0x0F,0x03,/*"y",89*/
0x00,0x80,0x80,0x80,0x80,0x80,0x80,0x80,0x00,0x18,0x1C,0x1C,0x16,0x13,0x11,0x11,/*"z",90*/
0x00,0x00,0x80,0x80,0x80,0x80,0x80,0x80,0x00,0x00,0xFF,0xFF,0x00,0x00,0x00,0x00,/*"_",91*/
};

// PIC
const unsigned char gImage_Battery[][1296*2] = {
{
0X00,0X00,0X00,0X00,0X00,0X00,0X00,0X00,0X00,0X00,0X00,0X00,0X00,0X00,0X00,0X00,
0X00,0X00,0X00,0X00,0X00,0X00,0X00,0X00,0X00,0X00,0X00,0X00,0X00,0X00,0X00,0X00,
0X00,0X00,0X00,0X00,0X00,0X00,0X00,0X00,0X00,0X00,0X00,0X00,0X00,0X00,0X00,0X00,
0X00,0X00,0X00,0X00,0X00,0X00,0X00,0X00,0X00,0X00,0X00,0X00,0X00,0X00,0X00,0X00,
0X00,0X00,0X00,0X00,0X00,0X00,0X00,0X00,0X00,0X00,0X00,0X00,0X00,0X00,0X00,0X00,
0X00,0X00,0X00,0X00,0X00,0X00,0X00,0X00,0X00,0X00,0X00,0X00,0X00,0X00,0X00,0X00,
0X00,0X00,0X00,0X00,0X00,0X00,0X00,0X00,0X00,0X00,0X00,0X00,0X00,0X00,0X00,0X00,
0X00,0X00,0X00,0X00,0X00,0X00,0X00,0X00,0X00,0X00,0X00,0X00,0X00,0X00,0X00,0X00,
0X00,0X00,0X00,0X00,0X00,0X00,0X00,0X00,0X00,0X00,0X00,0X00,0X00,0X00,0X00,0X00,
0X00,0X00,0X00,0X00,0X00,0X00,0X00,0X00,0X00,0X00,0X00,0X00,0X00,0X00,0X00,0X00,
0X00,0X00,0X00,0X00,0X00,0X00,0X00,0X00,0X00,0X00,0X00,0X00,0X00,0X00,0X00,0X00,
0X00,0X00,0X00,0X00,0X00,0X00,0X00,0X00,0X00,0X00,0X00,0X00,0X00,0X00,0X00,0X00,
0X00,0X00,0X00,0X00,0X00,0X00,0X00,0X00,0X00,0X00,0X00,0X00,0X00,0X00,0X00,0X00,
0X00,0X00,0X00,0X00,0X00,0X00,0X00,0X00,0X00,0X00,0X00,0X00,0X00,0X00,0X00,0X00,
0X00,0X00,0X00,0X00,0X00,0X00,0X00,0X00,0X00,0X00,0X00,0X00,0X00,0X00,0X00,0X00,
0X00,0X00,0X00,0X00,0X42,0X08,0X42,0X08,0X42,0X08,0X42,0X08,0X42,0X08,0X42,0X08,
0X41,0XE8,0X41,0XE8,0X00,0X00,0X00,0X00,0X00,0X00,0X00,0X00,0X00,0X00,0X00,0X00,
0X00,0X00,0X00,0X00,0X00,0X00,0X00,0X00,0X00,0X00,0X00,0X00,0X00,0X00,0X00,0X00,
0X00,0X00,0X00,0X00,0X00,0X00,0X00,0X00,0X00,0X00,0X00,0X00,0X00,0X00,0X00,0X00,
0X00,0X00,0X00,0X00,0X00,0X00,0X00,0X00,0X7B,0XEF,0XFF,0XFF,0XFF,0XFF,0XFF,0XFF,
0XFF,0XFF,0XFF,0XFF,0XFF,0XFF,0XFF,0XFF,0XFF,0XFF,0XFF,0XFF,0XFF,0XFF,0X42,0X08,
0X00,0X00,0X00,0X00,0X00,0X00,0X00,0X00,0X00,0X00,0X00,0X00,0X00,0X00,0X00,0X00,
0X00,0X00,0X00,0X00,0X00,0X00,0X00,0X00,0X00,0X00,0X00,0X00,0X00,0X00,0X00,0X00,
0X00,0X00,0X00,0X00,0X00,0X00,0X00,0X00,0X00,0X00,0X00,0X00,0X00,0X00,0X00,0X00,
0XFF,0XFF,0XFF,0XFF,0XCE,0X79,0XCE,0X79,0XD6,0X79,0XD6,0X79,0XCE,0X79,0XCE,0X79,
0XCE,0X79,0XCE,0X79,0XFF,0XFF,0XCE,0X79,0X00,0X00,0X00,0X00,0X00,0X00,0X00,0X00,
0X00,0X00,0X00,0X00,0X00,0X00,0X00,0X00,0X00,0X00,0X00,0X00,0X00,0X00,0X00,0X00,
0X00,0X00,0X00,0X00,0X00,0X00,0X00,0X00,0X00,0X00,0X00,0X00,0X00,0X00,0X00,0X00,
0X00,0X00,0X00,0X00,0X00,0X00,0X84,0X10,0XFF,0XFF,0XDE,0XFB,0X00,0X00,0X00,0X00,
0X00,0X00,0X00,0X00,0X00,0X00,0X00,0X00,0X00,0X00,0X00,0X00,0XCE,0X79,0XFF,0XFF,
0X84,0X10,0X00,0X00,0X00,0X00,0X00,0X00,0X00,0X00,0X00,0X00,0X00,0X00,0X00,0X00,
0X00,0X00,0X00,0X00,0X00,0X00,0X00,0X00,0X00,0X00,0X00,0X00,0X00,0X00,0X00,0X00,
0X00,0X00,0X00,0X00,0X00,0X00,0X84,0X10,0XFF,0XFF,0XFF,0XFF,0XFF,0XFF,0XFF,0XFF,
0XFF,0XFF,0X42,0X08,0X00,0X00,0X00,0X00,0X00,0X00,0X00,0X00,0X00,0X00,0X00,0X00,
0X00,0X00,0X00,0X00,0X42,0X08,0XFF,0XFF,0XFF,0XFF,0XFF,0XFF,0XFF,0XFF,0XFF,0XFF,
0X84,0X10,0X00,0X00,0X00,0X00,0X00,0X00,0X00,0X00,0X00,0X00,0X00,0X00,0X00,0X00,
0X00,0X00,0X00,0X00,0X00,0X00,0X00,0X00,0X00,0X00,0X00,0X00,0X00,0X00,0XFF,0XFF,
0XEF,0X7D,0XF7,0X9E,0XEF,0X7D,0XFF,0XFF,0X84,0X10,0X00,0X00,0X00,0X00,0X00,0X00,
0X00,0X00,0X00,0X00,0X00,0X00,0X00,0X00,0X00,0X00,0X00,0X00,0X00,0X00,0X84,0X10,
0XFF,0XFF,0XEF,0X7D,0XEF,0X7D,0XFF,0XFF,0XFF,0XFF,0X00,0X00,0X00,0X00,0X00,0X00,
0X00,0X00,0X00,0X00,0X00,0X00,0X00,0X00,0X00,0X00,0X00,0X00,0X00,0X00,0X00,0X00,
0X00,0X00,0X00,0X00,0X00,0X00,0XFF,0XFF,0XFF,0XFF,0X42,0X08,0X42,0X08,0X00,0X00,
0X00,0X00,0X00,0X00,0X00,0X00,0X00,0X00,0X00,0X00,0X00,0X00,0X00,0X00,0X00,0X00,
0X00,0X00,0X00,0X00,0X00,0X00,0X00,0X00,0X00,0X00,0X41,0XE7,0X41,0XE7,0XFF,0XFF,
0XFF,0XFF,0X00,0X00,0X00,0X00,0X00,0X00,0X00,0X00,0X00,0X00,0X00,0X00,0X00,0X00,
0X00,0X00,0X00,0X00,0X00,0X00,0X00,0X00,0X00,0X00,0X00,0X00,0X00,0X00,0XFF,0XFF,
0XFF,0XFF,0X00,0X00,0X00,0X00,0X00,0X00,0X00,0X00,0X00,0X00,0X00,0X00,0X00,0X00,
0X00,0X00,0X00,0X00,0X00,0X00,0X00,0X00,0X00,0X00,0X00,0X00,0X00,0X00,0X00,0X00,
0X08,0X00,0X5A,0X08,0X28,0XE3,0XFF,0XFF,0XFF,0XFF,0X00,0X00,0X00,0X00,0X00,0X00,
0X00,0X00,0X00,0X00,0X00,0X00,0X00,0X00,0X00,0X00,0X00,0X00,0X00,0X00,0X00,0X00,
0X00,0X00,0X00,0X00,0X00,0X00,0XFF,0XFF,0XFF,0XFF,0X00,0X00,0X00,0X00,0X00,0X00,
0X00,0X00,0X00,0X00,0X00,0X00,0X00,0X00,0X00,0X00,0X00,0X00,0X00,0X00,0X00,0X00,
0X00,0X00,0X00,0X00,0X00,0X00,0X00,0X00,0X10,0X00,0X83,0X2C,0X30,0XE3,0XFF,0XFF,
0XFF,0XFF,0X00,0X00,0X00,0X00,0X00,0X00,0X00,0X00,0X00,0X00,0X00,0X00,0X00,0X00,
0X00,0X00,0X00,0X00,0X00,0X00,0X00,0X00,0X00,0X00,0X00,0X00,0X00,0X00,0XFF,0XFF,
0XFF,0XFF,0X00,0X00,0X00,0X00,0X00,0X00,0X00,0X00,0X00,0X00,0X00,0X00,0X00,0X00,
0X00,0X00,0X00,0X00,0X00,0X00,0X00,0X00,0X00,0X00,0X00,0X00,0X00,0X00,0X00,0X00,
0X10,0X00,0X7B,0X2C,0X28,0XE3,0XFF,0XFF,0XFF,0XFF,0X00,0X00,0X00,0X00,0X00,0X00,
0X00,0X00,0X00,0X00,0X00,0X00,0X00,0X00,0X00,0X00,0X00,0X00,0X00,0X00,0X00,0X00,
0X00,0X00,0X00,0X00,0X00,0X00,0XFF,0XFF,0XFF,0XFF,0X00,0X00,0X00,0X00,0X00,0X00,
0X00,0X00,0X00,0X00,0X00,0X00,0X00,0X00,0X00,0X00,0X00,0X00,0X00,0X00,0X00,0X00,
0X00,0X00,0X00,0X00,0X00,0X00,0X00,0X00,0X08,0X00,0X30,0XE3,0X00,0X00,0XFF,0XFF,
0XFF,0XFF,0X00,0X00,0X00,0X00,0X00,0X00,0X00,0X00,0X00,0X00,0X00,0X00,0X00,0X00,
0X00,0X00,0X00,0X00,0X00,0X00,0X00,0X00,0X00,0X00,0X00,0X00,0X00,0X00,0XFF,0XFF,
0XFF,0XFF,0X00,0X00,0X00,0X00,0X00,0X00,0X00,0X00,0X00,0X00,0X00,0X00,0X00,0X00,
0X00,0X00,0X00,0X00,0X00,0X00,0X00,0X00,0X00,0X00,0X00,0X00,0X00,0X00,0X00,0X00,
0X00,0X00,0X00,0X00,0X00,0X00,0XFF,0XFF,0XFF,0XFF,0X00,0X00,0X00,0X00,0X00,0X00,
0X00,0X00,0X00,0X00,0X00,0X00,0X00,0X00,0X00,0X00,0X00,0X00,0X00,0X00,0X00,0X00,
0X00,0X00,0X00,0X00,0X00,0X00,0XFF,0XFF,0XFF,0XFF,0X00,0X00,0X00,0X00,0X00,0X00,
0X00,0X00,0X00,0X00,0X00,0X00,0X00,0X00,0X00,0X00,0X00,0X00,0X00,0X00,0X00,0X00,
0X00,0X00,0X00,0X00,0X00,0X00,0X00,0X00,0X00,0X00,0X00,0X00,0X00,0X00,0XFF,0XFF,
0XFF,0XFF,0X00,0X00,0X00,0X00,0X00,0X00,0X00,0X00,0X00,0X00,0X00,0X00,0X00,0X00,
0X00,0X00,0X00,0X00,0X00,0X00,0X00,0X00,0X00,0X00,0X00,0X00,0X00,0X00,0XFF,0XFF,
0XFF,0XFF,0X00,0X00,0X00,0X00,0X00,0X00,0X00,0X00,0X00,0X00,0X00,0X00,0X00,0X00,
0X00,0X00,0X00,0X00,0X00,0X00,0X00,0X00,0X00,0X00,0X00,0X00,0X00,0X00,0X00,0X00,
0X00,0X00,0X00,0X00,0X00,0X00,0XFF,0XFF,0XFF,0XFF,0X00,0X00,0X00,0X00,0X00,0X00,
0X00,0X00,0X00,0X00,0X00,0X00,0X00,0X00,0X00,0X00,0X00,0X00,0X00,0X00,0X00,0X00,
0X00,0X00,0X00,0X00,0X00,0X00,0XFF,0XFF,0XFF,0XFF,0X00,0X00,0X00,0X00,0X00,0X00,
0X00,0X00,0X00,0X00,0X00,0X00,0X00,0X00,0X00,0X00,0X00,0X00,0X00,0X00,0X00,0X00,
0X00,0X00,0X00,0X00,0X00,0X00,0X00,0X00,0X00,0X00,0X00,0X00,0X00,0X00,0XFF,0XFF,
0XFF,0XFF,0X00,0X00,0X00,0X00,0X00,0X00,0X00,0X00,0X00,0X00,0X00,0X00,0X00,0X00,
0X00,0X00,0X00,0X00,0X00,0X00,0X00,0X00,0X00,0X00,0X00,0X00,0X00,0X00,0XFF,0XFF,
0XFF,0XFF,0X00,0X00,0X00,0X00,0X00,0X00,0X00,0X00,0X00,0X00,0X00,0X00,0X00,0X00,
0X00,0X00,0X00,0X00,0X00,0X00,0X00,0X00,0X00,0X00,0X00,0X00,0X00,0X00,0X00,0X00,
0X00,0X00,0X00,0X00,0X00,0X00,0XFF,0XFF,0XFF,0XFF,0X00,0X00,0X00,0X00,0X00,0X00,
0X00,0X00,0X00,0X00,0X00,0X00,0X00,0X00,0X00,0X00,0X00,0X00,0X00,0X00,0X00,0X00,
0X00,0X00,0X00,0X00,0X00,0X00,0XFF,0XFF,0XFF,0XFF,0X00,0X00,0X00,0X00,0X00,0X00,
0X00,0X00,0X00,0X00,0X00,0X00,0X00,0X00,0X00,0X00,0X00,0X00,0X00,0X00,0X00,0X00,
0X00,0X00,0X00,0X00,0X00,0X00,0X00,0X00,0X00,0X00,0X00,0X00,0X00,0X00,0XFF,0XFF,
0XFF,0XFF,0X00,0X00,0X00,0X00,0X00,0X00,0X00,0X00,0X00,0X00,0X00,0X00,0X00,0X00,
0X00,0X00,0X00,0X00,0X00,0X00,0X00,0X00,0X00,0X00,0X00,0X00,0X00,0X00,0XFF,0XFF,
0XFF,0XFF,0X00,0X00,0X00,0X00,0X00,0X00,0X00,0X00,0X00,0X00,0X00,0X00,0X00,0X00,
0X00,0X00,0X00,0X00,0X00,0X00,0X00,0X00,0X00,0X00,0X00,0X00,0X00,0X00,0X00,0X00,
0X00,0X00,0X00,0X00,0X00,0X00,0XFF,0XFF,0XFF,0XFF,0X00,0X00,0X00,0X00,0X00,0X00,
0X00,0X00,0X00,0X00,0X00,0X00,0X00,0X00,0X00,0X00,0X00,0X00,0X00,0X00,0X00,0X00,
0X00,0X00,0X00,0X00,0X00,0X00,0XFF,0XFF,0XFF,0XFF,0X00,0X00,0X00,0X00,0X00,0X00,
0X00,0X00,0X00,0X00,0X00,0X00,0X00,0X00,0X00,0X00,0X00,0X00,0X00,0X00,0X00,0X00,
0X00,0X00,0X00,0X00,0X00,0X00,0X00,0X00,0X00,0X00,0X00,0X00,0X00,0X00,0XFF,0XFF,
0XFF,0XFF,0X00,0X00,0X00,0X00,0X00,0X00,0X00,0X00,0X00,0X00,0X00,0X00,0X00,0X00,
0X00,0X00,0X00,0X00,0X00,0X00,0X00,0X00,0X00,0X00,0X00,0X00,0X00,0X00,0XFF,0XFF,
0XFF,0XFF,0X00,0X00,0X00,0X00,0X00,0X00,0X00,0X00,0X00,0X00,0X00,0X00,0X00,0X00,
0X00,0X00,0X00,0X00,0X00,0X00,0X00,0X00,0X00,0X00,0X00,0X00,0X00,0X00,0X00,0X00,
0X00,0X00,0X00,0X00,0X00,0X00,0XFF,0XFF,0XFF,0XFF,0X00,0X00,0X00,0X00,0X00,0X00,
0X00,0X00,0X00,0X00,0X00,0X00,0X00,0X00,0X00,0X00,0X00,0X00,0X00,0X00,0X00,0X00,
0X00,0X00,0X00,0X00,0X00,0X00,0XFF,0XFF,0XFF,0XFF,0X00,0X00,0X00,0X00,0X00,0X00,
0X00,0X00,0X00,0X00,0X00,0X00,0X00,0X00,0X00,0X00,0X00,0X00,0X00,0X00,0X00,0X00,
0X00,0X00,0X00,0X00,0X00,0X00,0X00,0X00,0X00,0X00,0X00,0X00,0X00,0X00,0XFF,0XFF,
0XFF,0XFF,0X00,0X00,0X00,0X00,0X00,0X00,0X00,0X00,0X00,0X00,0X00,0X00,0X00,0X00,
0X00,0X00,0X00,0X00,0X00,0X00,0X00,0X00,0X00,0X00,0X00,0X00,0X00,0X00,0XFF,0XFF,
0XFF,0XFF,0X00,0X00,0X00,0X00,0X00,0X00,0X00,0X00,0X00,0X00,0X00,0X00,0X00,0X00,
0X00,0X00,0X00,0X00,0X00,0X00,0X00,0X00,0X00,0X00,0X00,0X00,0X00,0X00,0X00,0X00,
0X00,0X00,0X00,0X00,0X00,0X00,0XFF,0XFF,0XFF,0XFF,0X00,0X00,0X00,0X00,0X00,0X00,
0X00,0X00,0X00,0X00,0X00,0X00,0X00,0X00,0X00,0X00,0X00,0X00,0X00,0X00,0X00,0X00,
0X00,0X00,0X00,0X00,0X00,0X00,0XFF,0XFF,0XFF,0XFF,0X00,0X00,0X08,0X00,0X08,0X00,
0X08,0X00,0X08,0X00,0X08,0X00,0X08,0X00,0X08,0X00,0X08,0X00,0X08,0X00,0X08,0X00,
0X08,0X00,0X08,0X00,0X08,0X00,0X08,0X00,0X08,0X00,0X08,0X00,0X00,0X00,0XFF,0XFF,
0XFF,0XFF,0X00,0X00,0X00,0X00,0X00,0X00,0X00,0X00,0X00,0X00,0X00,0X00,0X00,0X00,
0X00,0X00,0X00,0X00,0X00,0X00,0X00,0X00,0X00,0X00,0X00,0X00,0X00,0X00,0XFF,0XFF,
0XFF,0XFF,0X08,0X00,0X40,0XA2,0X71,0XA6,0X71,0XA6,0X71,0XA6,0X71,0XA6,0X71,0XA6,
0X71,0XA6,0X71,0XA6,0X71,0XA6,0X71,0XA6,0X71,0XA6,0X71,0XA6,0X71,0XA6,0X71,0XA6,
0X71,0XA6,0X40,0XA2,0X08,0X00,0XFF,0XFF,0XFF,0XFF,0X00,0X00,0X00,0X00,0X00,0X00,
0X00,0X00,0X00,0X00,0X00,0X00,0X00,0X00,0X00,0X00,0X00,0X00,0X00,0X00,0X00,0X00,
0X00,0X00,0X00,0X00,0X00,0X00,0XFF,0XFF,0XFF,0XFF,0X08,0X00,0XBB,0XEF,0XD3,0XAE,
0XD3,0XAE,0XD3,0XAE,0XD3,0XAE,0XD3,0XAE,0XD3,0XAE,0XD3,0XAE,0XD3,0XAE,0XD3,0XAE,
0XD3,0XAE,0XD3,0XAE,0XD3,0XAE,0XD3,0XAE,0XD3,0XAE,0XC3,0XEF,0X08,0X00,0XFF,0XFF,
0XFF,0XFF,0X00,0X00,0X00,0X00,0X00,0X00,0X00,0X00,0X00,0X00,0X00,0X00,0X00,0X00,
0X00,0X00,0X00,0X00,0X00,0X00,0X00,0X00,0X00,0X00,0X00,0X00,0X00,0X00,0XFF,0XFF,
0XFF,0XFF,0X10,0X00,0XCB,0XCF,0XDB,0X8D,0XDB,0X8E,0XE3,0X8D,0XDB,0X8D,0XDB,0X8D,
0XDB,0X8D,0XDB,0X8D,0XDB,0X8D,0XDB,0X8D,0XE3,0X8D,0XE3,0X8D,0XDB,0X8D,0XDB,0X8D,
0XDB,0X8D,0XCB,0XCF,0X10,0X00,0XFF,0XFF,0XFF,0XFF,0X00,0X00,0X00,0X00,0X00,0X00,
0X00,0X00,0X00,0X00,0X00,0X00,0X00,0X00,0X00,0X00,0X00,0X00,0X00,0X00,0X00,0X00,
0X00,0X00,0X00,0X00,0X00,0X00,0XFF,0XFF,0XFF,0XFF,0X08,0X00,0X9A,0XCB,0XCB,0XAE,
0XD3,0XAE,0XD3,0XAE,0XD3,0XAE,0XD3,0XAE,0XD3,0XAE,0XD3,0XAE,0XD3,0XAE,0XD3,0XAE,
0XD3,0XAE,0XD3,0XAE,0XD3,0XAE,0XD3,0XAE,0XD3,0XAE,0XC3,0XEF,0X10,0X00,0XFF,0XFF,
0XFF,0XFF,0X00,0X00,0X00,0X00,0X00,0X00,0X00,0X00,0X00,0X00,0X00,0X00,0X00,0X00,
0X00,0X00,0X00,0X00,0X00,0X00,0X00,0X00,0X00,0X00,0X00,0X00,0X00,0X00,0XFF,0XFF,
0XFF,0XFF,0X00,0X00,0X10,0X00,0X38,0XC3,0X38,0XC2,0X40,0XC3,0X40,0XC3,0X40,0XA3,
0X40,0XC3,0X40,0XC3,0X40,0XA3,0X40,0XA3,0X40,0XC3,0X40,0XC3,0X40,0XA3,0X40,0XC3,
0X38,0XC3,0X10,0X00,0X00,0X00,0XFF,0XFF,0XFF,0XFF,0X00,0X00,0X00,0X00,0X00,0X00,
0X00,0X00,0X00,0X00,0X00,0X00,0X00,0X00,0X00,0X00,0X00,0X00,0X00,0X00,0X00,0X00,
0X00,0X00,0X00,0X00,0X00,0X00,0XFF,0XFF,0XFF,0XFF,0X00,0X00,0X00,0X00,0X00,0X00,
0X00,0X00,0X00,0X00,0X08,0X00,0X08,0X00,0X00,0X00,0X00,0X00,0X08,0X00,0X08,0X00,
0X00,0X00,0X00,0X00,0X08,0X00,0X00,0X00,0X00,0X00,0X00,0X00,0X00,0X00,0XFF,0XFF,
0XFF,0XFF,0X00,0X00,0X00,0X00,0X00,0X00,0X00,0X00,0X00,0X00,0X00,0X00,0X00,0X00,
0X00,0X00,0X00,0X00,0X00,0X00,0X00,0X00,0X00,0X00,0X00,0X00,0X00,0X00,0XFF,0XFF,
0XFF,0XFF,0XCE,0X79,0XD6,0X79,0XD6,0X79,0XD6,0X79,0XD6,0X79,0XD6,0X79,0XD6,0X79,
0XD6,0X79,0XD6,0X79,0XD6,0X79,0XD6,0X79,0XD6,0X79,0XD6,0X79,0XD6,0X79,0XD6,0X79,
0XD6,0X79,0XD6,0X79,0XCE,0X79,0XFF,0XFF,0XFF,0XFF,0X00,0X00,0X00,0X00,0X00,0X00,
0X00,0X00,0X00,0X00,0X00,0X00,0X00,0X00,0X00,0X00,0X00,0X00,0X00,0X00,0X00,0X00,
0X00,0X00,0X00,0X00,0X00,0X00,0XD6,0X9A,0XFF,0XFF,0XFF,0XFF,0XFF,0XFF,0XFF,0XFF,
0XFF,0XFF,0XFF,0XFF,0XFF,0XFF,0XFF,0XFF,0XFF,0XFF,0XFF,0XFF,0XFF,0XFF,0XFF,0XFF,
0XFF,0XFF,0XFF,0XFF,0XFF,0XFF,0XFF,0XFF,0XFF,0XFF,0XFF,0XFF,0XFF,0XFF,0XFF,0XFF,
0XFF,0XFF,0X00,0X00,0X00,0X00,0X00,0X00,0X00,0X00,0X00,0X00,0X00,0X00,0X00,0X00,
0X00,0X00,0X00,0X00,0X00,0X00,0X00,0X00,0X00,0X00,0X00,0X00,0X00,0X00,0X00,0X00,
0X42,0X08,0X42,0X08,0X42,0X08,0X42,0X08,0X42,0X08,0X42,0X08,0X42,0X08,0X42,0X08,
0X42,0X08,0X42,0X08,0X42,0X08,0X42,0X08,0X42,0X08,0X42,0X08,0X42,0X08,0X42,0X08,
0X42,0X08,0X42,0X08,0X42,0X08,0X42,0X08,0X00,0X00,0X00,0X00,0X00,0X00,0X00,0X00,
0X00,0X00,0X00,0X00,0X00,0X00,0X00,0X00,0X00,0X00,0X00,0X00,0X00,0X00,0X00,0X00,
0X00,0X00,0X00,0X00,0X00,0X00,0X00,0X00,0X00,0X00,0X00,0X00,0X00,0X00,0X00,0X00,
0X00,0X00,0X00,0X00,0X00,0X00,0X00,0X00,0X00,0X00,0X00,0X00,0X00,0X00,0X00,0X00,
0X00,0X00,0X00,0X00,0X00,0X00,0X00,0X00,0X00,0X00,0X00,0X00,0X00,0X00,0X00,0X00,
0X00,0X00,0X00,0X00,0X00,0X00,0X00,0X00,0X00,0X00,0X00,0X00,0X00,0X00,0X00,0X00,
},
{
0X00,0X00,0X00,0X00,0X00,0X00,0X00,0X00,0X00,0X00,0X00,0X00,0X00,0X00,0X00,0X00,
0X00,0X00,0X00,0X00,0X00,0X00,0X00,0X00,0X00,0X00,0X00,0X00,0X00,0X00,0X00,0X00,
0X00,0X00,0X00,0X00,0X00,0X00,0X00,0X00,0X00,0X00,0X00,0X00,0X00,0X00,0X00,0X00,
0X00,0X00,0X00,0X00,0X00,0X00,0X00,0X00,0X00,0X00,0X00,0X00,0X00,0X00,0X00,0X00,
0X00,0X00,0X00,0X00,0X00,0X00,0X00,0X00,0X00,0X00,0X00,0X00,0X00,0X00,0X00,0X00,
0X00,0X00,0X00,0X00,0X00,0X00,0X00,0X00,0X00,0X00,0X00,0X00,0X00,0X00,0X00,0X00,
0X00,0X00,0X00,0X00,0X00,0X00,0X00,0X00,0X00,0X00,0X00,0X00,0X00,0X00,0X00,0X00,
0X00,0X00,0X00,0X00,0X00,0X00,0X00,0X00,0X00,0X00,0X00,0X00,0X00,0X00,0X00,0X00,
0X00,0X00,0X00,0X00,0X00,0X00,0X00,0X00,0X00,0X00,0X00,0X00,0X00,0X00,0X00,0X00,
0X00,0X00,0X00,0X00,0X00,0X00,0X00,0X00,0X00,0X00,0X00,0X00,0X00,0X00,0X00,0X00,
0X00,0X00,0X00,0X00,0X00,0X00,0X00,0X00,0X00,0X00,0X00,0X00,0X00,0X00,0X00,0X00,
0X00,0X00,0X00,0X00,0X00,0X00,0X00,0X00,0X00,0X00,0X00,0X00,0X00,0X00,0X00,0X00,
0X00,0X00,0X00,0X00,0X00,0X00,0X00,0X00,0X00,0X00,0X00,0X00,0X00,0X00,0X00,0X00,
0X00,0X00,0X00,0X00,0X00,0X00,0X00,0X00,0X00,0X00,0X00,0X00,0X00,0X00,0X00,0X00,
0X00,0X00,0X00,0X00,0X00,0X00,0X00,0X00,0X00,0X00,0X00,0X00,0X00,0X00,0X00,0X00,
0X00,0X00,0X00,0X00,0X42,0X08,0X42,0X08,0X42,0X08,0X42,0X08,0X42,0X08,0X42,0X08,
0X42,0X08,0X42,0X08,0X00,0X00,0X00,0X00,0X00,0X00,0X00,0X00,0X00,0X00,0X00,0X00,
0X00,0X00,0X00,0X00,0X00,0X00,0X00,0X00,0X00,0X00,0X00,0X00,0X00,0X00,0X00,0X00,
0X00,0X00,0X00,0X00,0X00,0X00,0X00,0X00,0X00,0X00,0X00,0X00,0X00,0X00,0X00,0X00,
0X00,0X00,0X00,0X00,0X00,0X00,0X00,0X00,0X7B,0XEF,0XFF,0XFF,0XFF,0XFF,0XFF,0XFF,
0XFF,0XFF,0XFF,0XFF,0XFF,0XFF,0XFF,0XFF,0XFF,0XFF,0XFF,0XFF,0XFF,0XFF,0X42,0X08,
0X00,0X00,0X00,0X00,0X00,0X00,0X00,0X00,0X00,0X00,0X00,0X00,0X00,0X00,0X00,0X00,
0X00,0X00,0X00,0X00,0X00,0X00,0X00,0X00,0X00,0X00,0X00,0X00,0X00,0X00,0X00,0X00,
0X00,0X00,0X00,0X00,0X00,0X00,0X00,0X00,0X00,0X00,0X00,0X00,0X00,0X00,0X00,0X00,
0XFF,0XFF,0XFF,0XFF,0XCE,0X79,0XCE,0X79,0XD6,0X79,0XD6,0X79,0XCE,0X79,0XCE,0X79,
0XCE,0X79,0XCE,0X79,0XFF,0XFF,0XCE,0X79,0X00,0X00,0X00,0X00,0X00,0X00,0X00,0X00,
0X00,0X00,0X00,0X00,0X00,0X00,0X00,0X00,0X00,0X00,0X00,0X00,0X00,0X00,0X00,0X00,
0X00,0X00,0X00,0X00,0X00,0X00,0X00,0X00,0X00,0X00,0X00,0X00,0X00,0X00,0X00,0X00,
0X00,0X00,0X00,0X00,0X00,0X00,0X84,0X10,0XFF,0XFF,0XDE,0XFB,0X00,0X00,0X00,0X00,
0X00,0X00,0X00,0X00,0X00,0X00,0X00,0X00,0X00,0X00,0X00,0X00,0XCE,0X79,0XFF,0XFF,
0X84,0X10,0X00,0X00,0X00,0X00,0X00,0X00,0X00,0X00,0X00,0X00,0X00,0X00,0X00,0X00,
0X00,0X00,0X00,0X00,0X00,0X00,0X00,0X00,0X00,0X00,0X00,0X00,0X00,0X00,0X00,0X00,
0X00,0X00,0X00,0X00,0X00,0X00,0X84,0X10,0XFF,0XFF,0XFF,0XFF,0XFF,0XFF,0XFF,0XFF,
0XFF,0XFF,0X42,0X08,0X00,0X00,0X00,0X00,0X00,0X00,0X00,0X00,0X00,0X00,0X00,0X00,
0X00,0X00,0X00,0X00,0X42,0X08,0XFF,0XFF,0XFF,0XFF,0XFF,0XFF,0XFF,0XFF,0XFF,0XFF,
0X84,0X10,0X00,0X00,0X00,0X00,0X00,0X00,0X00,0X00,0X00,0X00,0X00,0X00,0X00,0X00,
0X00,0X00,0X00,0X00,0X00,0X00,0X00,0X00,0X00,0X00,0X00,0X00,0X00,0X00,0XFF,0XFF,
0XEF,0X7D,0XF7,0X9E,0XEF,0X7D,0XFF,0XFF,0X84,0X10,0X00,0X00,0X00,0X00,0X00,0X00,
0X00,0X00,0X00,0X00,0X00,0X00,0X00,0X00,0X00,0X00,0X00,0X00,0X00,0X00,0X84,0X10,
0XFF,0XFF,0XEF,0X7E,0XEF,0X7E,0XFF,0XFF,0XFF,0XFF,0X00,0X00,0X00,0X00,0X00,0X00,
0X00,0X00,0X00,0X00,0X00,0X00,0X00,0X00,0X00,0X00,0X00,0X00,0X00,0X00,0X00,0X00,
0X00,0X00,0X00,0X00,0X00,0X00,0XFF,0XFF,0XFF,0XFF,0X42,0X08,0X42,0X08,0X00,0X00,
0X00,0X00,0X00,0X00,0X00,0X00,0X00,0X00,0X00,0X00,0X00,0X00,0X00,0X00,0X00,0X00,
0X00,0X00,0X00,0X00,0X00,0X00,0X00,0X00,0X00,0X00,0X41,0XE7,0X42,0X07,0XFF,0XFF,
0XFF,0XFF,0X00,0X00,0X00,0X00,0X00,0X00,0X00,0X00,0X00,0X00,0X00,0X00,0X00,0X00,
0X00,0X00,0X00,0X00,0X00,0X00,0X00,0X00,0X00,0X00,0X00,0X00,0X00,0X00,0XFF,0XFF,
0XFF,0XFF,0X00,0X00,0X00,0X00,0X00,0X00,0X00,0X00,0X00,0X00,0X00,0X00,0X00,0X00,
0X00,0X00,0X00,0X00,0X00,0X00,0X00,0X00,0X00,0X00,0X00,0X00,0X00,0X00,0X00,0X00,
0X00,0X00,0X63,0X0A,0X31,0X64,0XFF,0XFF,0XFF,0XFF,0X00,0X00,0X00,0X00,0X00,0X00,
0X00,0X00,0X00,0X00,0X00,0X00,0X00,0X00,0X00,0X00,0X00,0X00,0X00,0X00,0X00,0X00,
0X00,0X00,0X00,0X00,0X00,0X00,0XFF,0XFF,0XFF,0XFF,0X00,0X00,0X00,0X00,0X00,0X00,
0X00,0X00,0X00,0X00,0X00,0X00,0X00,0X00,0X00,0X00,0X00,0X00,0X00,0X00,0X00,0X00,
0X00,0X00,0X00,0X00,0X00,0X00,0X00,0X00,0X08,0X00,0X9C,0X6F,0X31,0X64,0XFF,0XFF,
0XFF,0XFF,0X00,0X00,0X00,0X00,0X00,0X00,0X00,0X00,0X00,0X00,0X00,0X00,0X00,0X00,
0X00,0X00,0X00,0X00,0X00,0X00,0X00,0X00,0X00,0X00,0X00,0X00,0X00,0X00,0XFF,0XFF,
0XFF,0XFF,0X00,0X00,0X00,0X00,0X00,0X00,0X00,0X00,0X00,0X00,0X00,0X00,0X00,0X00,
0X00,0X00,0X00,0X00,0X00,0X00,0X00,0X00,0X00,0X00,0X00,0X00,0X00,0X00,0X00,0X00,
0X00,0X00,0X94,0X6F,0X31,0X64,0XFF,0XFF,0XFF,0XFF,0X00,0X00,0X00,0X00,0X00,0X00,
0X00,0X00,0X00,0X00,0X00,0X00,0X00,0X00,0X00,0X00,0X00,0X00,0X00,0X00,0X00,0X00,
0X00,0X00,0X00,0X00,0X00,0X00,0XFF,0XFF,0XFF,0XFF,0X00,0X00,0X00,0X00,0X00,0X00,
0X00,0X00,0X00,0X00,0X00,0X00,0X00,0X00,0X00,0X00,0X00,0X00,0X00,0X00,0X00,0X00,
0X00,0X00,0X00,0X00,0X00,0X00,0X00,0X00,0X00,0X00,0X31,0X84,0X00,0X00,0XFF,0XFF,
0XFF,0XFF,0X00,0X00,0X00,0X00,0X00,0X00,0X00,0X00,0X00,0X00,0X00,0X00,0X00,0X00,
0X00,0X00,0X00,0X00,0X00,0X00,0X00,0X00,0X00,0X00,0X00,0X00,0X00,0X00,0XFF,0XFF,
0XFF,0XFF,0X00,0X00,0X00,0X00,0X00,0X00,0X00,0X00,0X00,0X00,0X00,0X00,0X00,0X00,
0X00,0X00,0X00,0X00,0X00,0X00,0X00,0X00,0X00,0X00,0X00,0X00,0X00,0X00,0X00,0X00,
0X00,0X00,0X00,0X00,0X00,0X00,0XFF,0XFF,0XFF,0XFF,0X00,0X00,0X00,0X00,0X00,0X00,
0X00,0X00,0X00,0X00,0X00,0X00,0X00,0X00,0X00,0X00,0X00,0X00,0X00,0X00,0X00,0X00,
0X00,0X00,0X00,0X00,0X00,0X00,0XFF,0XFF,0XFF,0XFF,0X00,0X00,0X00,0X00,0X00,0X00,
0X00,0X00,0X00,0X00,0X00,0X00,0X00,0X00,0X00,0X00,0X00,0X00,0X00,0X00,0X00,0X00,
0X00,0X00,0X00,0X00,0X00,0X00,0X00,0X00,0X00,0X00,0X00,0X00,0X00,0X00,0XFF,0XFF,
0XFF,0XFF,0X00,0X00,0X00,0X00,0X00,0X00,0X00,0X00,0X00,0X00,0X00,0X00,0X00,0X00,
0X00,0X00,0X00,0X00,0X00,0X00,0X00,0X00,0X00,0X00,0X00,0X00,0X00,0X00,0XFF,0XFF,
0XFF,0XFF,0X00,0X00,0X00,0X00,0X00,0X00,0X00,0X00,0X00,0X00,0X00,0X00,0X00,0X00,
0X00,0X00,0X00,0X00,0X00,0X00,0X00,0X00,0X00,0X00,0X00,0X00,0X00,0X00,0X00,0X00,
0X00,0X00,0X00,0X00,0X00,0X00,0XFF,0XFF,0XFF,0XFF,0X00,0X00,0X00,0X00,0X00,0X00,
0X00,0X00,0X00,0X00,0X00,0X00,0X00,0X00,0X00,0X00,0X00,0X00,0X00,0X00,0X00,0X00,
0X00,0X00,0X00,0X00,0X00,0X00,0XFF,0XFF,0XFF,0XFF,0X00,0X00,0X00,0X00,0X00,0X00,
0X00,0X00,0X00,0X00,0X00,0X00,0X00,0X00,0X00,0X00,0X00,0X00,0X00,0X00,0X00,0X00,
0X00,0X00,0X00,0X00,0X00,0X00,0X00,0X00,0X00,0X00,0X00,0X00,0X00,0X00,0XFF,0XFF,
0XFF,0XFF,0X00,0X00,0X00,0X00,0X00,0X00,0X00,0X00,0X00,0X00,0X00,0X00,0X00,0X00,
0X00,0X00,0X00,0X00,0X00,0X00,0X00,0X00,0X00,0X00,0X00,0X00,0X00,0X00,0XFF,0XFF,
0XFF,0XFF,0X00,0X00,0X00,0X00,0X00,0X00,0X00,0X00,0X00,0X00,0X00,0X00,0X00,0X00,
0X00,0X00,0X00,0X00,0X00,0X00,0X00,0X00,0X00,0X00,0X00,0X00,0X00,0X00,0X00,0X00,
0X00,0X00,0X00,0X00,0X00,0X00,0XFF,0XFF,0XFF,0XFF,0X00,0X00,0X00,0X00,0X00,0X00,
0X00,0X00,0X00,0X00,0X00,0X00,0X00,0X00,0X00,0X00,0X00,0X00,0X00,0X00,0X00,0X00,
0X00,0X00,0X00,0X00,0X00,0X00,0XFF,0XFF,0XFF,0XFF,0X00,0X00,0X00,0X00,0X00,0X00,
0X00,0X00,0X00,0X00,0X00,0X00,0X00,0X00,0X00,0X00,0X00,0X00,0X00,0X00,0X00,0X00,
0X00,0X00,0X00,0X00,0X00,0X00,0X00,0X00,0X00,0X00,0X00,0X00,0X00,0X00,0XFF,0XFF,
0XFF,0XFF,0X00,0X00,0X00,0X00,0X00,0X00,0X00,0X00,0X00,0X00,0X00,0X00,0X00,0X00,
0X00,0X00,0X00,0X00,0X00,0X00,0X00,0X00,0X00,0X00,0X00,0X00,0X00,0X00,0XFF,0XFF,
0XFF,0XFF,0X00,0X00,0X00,0X00,0X00,0X00,0X00,0X00,0X00,0X00,0X00,0X00,0X00,0X00,
0X00,0X00,0X00,0X00,0X00,0X00,0X00,0X00,0X00,0X00,0X00,0X00,0X00,0X00,0X00,0X00,
0X00,0X00,0X00,0X00,0X00,0X00,0XFF,0XFF,0XFF,0XFF,0X00,0X00,0X00,0X00,0X00,0X00,
0X00,0X00,0X00,0X00,0X00,0X00,0X00,0X00,0X00,0X00,0X00,0X00,0X00,0X00,0X00,0X00,
0X00,0X00,0X00,0X00,0X00,0X00,0XFF,0XFF,0XFF,0XFF,0X00,0X00,0X39,0X62,0X6A,0XE7,
0X6A,0XE7,0X6A,0XE7,0X72,0XE7,0X72,0XE7,0X6A,0XE7,0X6A,0XE7,0X72,0XE7,0X72,0XE7,
0X6A,0XE7,0X6A,0XE7,0X6A,0XE7,0X6A,0XE7,0X6A,0XE7,0X6A,0XE8,0X00,0X00,0XFF,0XFF,
0XFF,0XFF,0X00,0X00,0X00,0X00,0X00,0X00,0X00,0X00,0X00,0X00,0X00,0X00,0X00,0X00,
0X00,0X00,0X00,0X00,0X00,0X00,0X00,0X00,0X00,0X00,0X00,0X00,0X00,0X00,0XFF,0XFF,
0XFF,0XFF,0X00,0X00,0XD5,0XF1,0XDD,0XCF,0XDD,0XCF,0XDD,0XCF,0XDD,0XCF,0XDD,0XCF,
0XDD,0XCF,0XDD,0XCF,0XDD,0XCF,0XDD,0XCF,0XDD,0XCF,0XDD,0XCF,0XDD,0XCF,0XDD,0XCF,
0XDD,0XCF,0XD5,0XF1,0X00,0X00,0XFF,0XFF,0XFF,0XFF,0X00,0X00,0X00,0X00,0X00,0X00,
0X00,0X00,0X00,0X00,0X00,0X00,0X00,0X00,0X00,0X00,0X00,0X00,0X00,0X00,0X00,0X00,
0X00,0X00,0X00,0X00,0X00,0X00,0XFF,0XFF,0XFF,0XFF,0X08,0X00,0XD5,0XD1,0XE5,0XCE,
0XE5,0XCE,0XE5,0XCE,0XE5,0XCE,0XE5,0XEE,0XE5,0XCE,0XE5,0XCE,0XE5,0XCE,0XE5,0XCE,
0XE5,0XCE,0XE5,0XCE,0XE5,0XCE,0XE5,0XCE,0XE5,0XCE,0XDD,0XF1,0X08,0X00,0XFF,0XFF,
0XFF,0XFF,0X00,0X00,0X00,0X00,0X00,0X00,0X00,0X00,0X00,0X00,0X00,0X00,0X00,0X00,
0X00,0X00,0X00,0X00,0X00,0X00,0X00,0X00,0X00,0X00,0X00,0X00,0X00,0X00,0XFF,0XFF,
0XFF,0XFF,0X00,0X00,0XA4,0X6D,0XD5,0XD1,0XDD,0XD0,0XDD,0XF0,0XDD,0XD0,0XDD,0XF0,
0XDD,0XD0,0XDD,0XF0,0XDD,0XD0,0XDD,0XF0,0XDD,0XD0,0XDD,0XF0,0XDD,0XD0,0XDD,0XF0,
0XD5,0XF0,0XD5,0XF2,0X00,0X00,0XFF,0XFF,0XFF,0XFF,0X00,0X00,0X00,0X00,0X00,0X00,
0X00,0X00,0X00,0X00,0X00,0X00,0X00,0X00,0X00,0X00,0X00,0X00,0X00,0X00,0X00,0X00,
0X00,0X00,0X00,0X00,0X00,0X00,0XFF,0XFF,0XFF,0XFF,0X00,0X00,0X10,0X00,0X41,0X60,
0X49,0X60,0X49,0X60,0X49,0X60,0X49,0X60,0X49,0X60,0X49,0X60,0X49,0X60,0X49,0X60,
0X49,0X60,0X49,0X60,0X49,0X60,0X49,0X60,0X41,0X60,0X10,0X00,0X00,0X00,0XFF,0XFF,
0XFF,0XFF,0X00,0X00,0X00,0X00,0X00,0X00,0X00,0X00,0X00,0X00,0X00,0X00,0X00,0X00,
0X00,0X00,0X00,0X00,0X00,0X00,0X00,0X00,0X00,0X00,0X00,0X00,0X00,0X00,0XFF,0XFF,
0XFF,0XFF,0X00,0X00,0X41,0X60,0X7A,0XE5,0X7A,0XE4,0X7A,0XE4,0X7A,0XE4,0X7A,0XE4,
0X7A,0XE4,0X7A,0XE4,0X7A,0XE4,0X7A,0XE4,0X7A,0XE4,0X7A,0XE4,0X7A,0XE4,0X7A,0XE4,
0X7A,0XE5,0X41,0X60,0X00,0X00,0XFF,0XFF,0XFF,0XFF,0X00,0X00,0X00,0X00,0X00,0X00,
0X00,0X00,0X00,0X00,0X00,0X00,0X00,0X00,0X00,0X00,0X00,0X00,0X00,0X00,0X00,0X00,
0X00,0X00,0X00,0X00,0X00,0X00,0XFF,0XFF,0XFF,0XFF,0X00,0X00,0XD5,0XF1,0XDD,0XCF,
0XDD,0XEF,0XDD,0XCF,0XDD,0XCF,0XDD,0XCF,0XDD,0XCF,0XDD,0XCF,0XDD,0XCF,0XDD,0XCF,
0XDD,0XCF,0XDD,0XCF,0XDD,0XCF,0XDD,0XCF,0XDD,0XCF,0XD5,0XF2,0X00,0X00,0XFF,0XFF,
0XFF,0XFF,0X00,0X00,0X00,0X00,0X00,0X00,0X00,0X00,0X00,0X00,0X00,0X00,0X00,0X00,
0X00,0X00,0X00,0X00,0X00,0X00,0X00,0X00,0X00,0X00,0X00,0X00,0X00,0X00,0XFF,0XFF,
0XFF,0XFF,0X08,0X00,0XD5,0XD1,0XE5,0XCE,0XE5,0XCE,0XE5,0XCE,0XE5,0XCE,0XE5,0XCE,
0XE5,0XCE,0XE5,0XCE,0XE5,0XCE,0XE5,0XCE,0XE5,0XCE,0XE5,0XCE,0XE5,0XCE,0XE5,0XCE,
0XE5,0XCE,0XDD,0XD0,0X08,0X00,0XFF,0XFF,0XFF,0XFF,0X00,0X00,0X00,0X00,0X00,0X00,
0X00,0X00,0X00,0X00,0X00,0X00,0X00,0X00,0X00,0X00,0X00,0X00,0X00,0X00,0X00,0X00,
0X00,0X00,0X00,0X00,0X00,0X00,0XFF,0XFF,0XFF,0XFF,0X00,0X00,0XA4,0X6C,0XDD,0XD0,
0XDD,0XD0,0XDD,0XCF,0XDD,0XCF,0XDD,0XCF,0XDD,0XCF,0XDD,0XCF,0XDD,0XCF,0XDD,0XCF,
0XDD,0XCF,0XDD,0XCF,0XDD,0XCF,0XDD,0XCF,0XDD,0XD0,0XD5,0XF2,0X00,0X00,0XFF,0XFF,
0XFF,0XFF,0X00,0X00,0X00,0X00,0X00,0X00,0X00,0X00,0X00,0X00,0X00,0X00,0X00,0X00,
0X00,0X00,0X00,0X00,0X00,0X00,0X00,0X00,0X00,0X00,0X00,0X00,0X00,0X00,0XFF,0XFF,
0XFF,0XFF,0X00,0X00,0X08,0X00,0X39,0X83,0X39,0X62,0X39,0X62,0X39,0X62,0X39,0X62,
0X39,0X62,0X39,0X62,0X39,0X62,0X39,0X62,0X39,0X62,0X39,0X62,0X39,0X62,0X39,0X62,
0X39,0X62,0X08,0X00,0X00,0X00,0XFF,0XFF,0XFF,0XFF,0X00,0X00,0X00,0X00,0X00,0X00,
0X00,0X00,0X00,0X00,0X00,0X00,0X00,0X00,0X00,0X00,0X00,0X00,0X00,0X00,0X00,0X00,
0X00,0X00,0X00,0X00,0X00,0X00,0XFF,0XFF,0XFF,0XFF,0X00,0X00,0X00,0X00,0X00,0X00,
0X00,0X00,0X00,0X00,0X00,0X00,0X00,0X00,0X00,0X00,0X00,0X00,0X00,0X00,0X00,0X00,
0X00,0X00,0X00,0X00,0X00,0X00,0X00,0X00,0X00,0X00,0X00,0X00,0X00,0X00,0XFF,0XFF,
0XFF,0XFF,0X00,0X00,0X00,0X00,0X00,0X00,0X00,0X00,0X00,0X00,0X00,0X00,0X00,0X00,
0X00,0X00,0X00,0X00,0X00,0X00,0X00,0X00,0X00,0X00,0X00,0X00,0X00,0X00,0XFF,0XFF,
0XFF,0XFF,0XCE,0X79,0XCE,0X79,0XD6,0X79,0XD6,0X79,0XD6,0X79,0XD6,0X79,0XD6,0X79,
0XD6,0X79,0XD6,0X79,0XD6,0X79,0XD6,0X79,0XD6,0X79,0XD6,0X79,0XD6,0X79,0XD6,0X79,
0XD6,0X79,0XCE,0X79,0XCE,0X79,0XFF,0XFF,0XFF,0XFF,0X00,0X00,0X00,0X00,0X00,0X00,
0X00,0X00,0X00,0X00,0X00,0X00,0X00,0X00,0X00,0X00,0X00,0X00,0X00,0X00,0X00,0X00,
0X00,0X00,0X00,0X00,0X00,0X00,0XD6,0X9A,0XFF,0XFF,0XFF,0XFF,0XFF,0XFF,0XFF,0XFF,
0XFF,0XFF,0XFF,0XFF,0XFF,0XFF,0XFF,0XFF,0XFF,0XFF,0XFF,0XFF,0XFF,0XFF,0XFF,0XFF,
0XFF,0XFF,0XFF,0XFF,0XFF,0XFF,0XFF,0XFF,0XFF,0XFF,0XFF,0XFF,0XFF,0XFF,0XFF,0XFF,
0XFF,0XFF,0X00,0X00,0X00,0X00,0X00,0X00,0X00,0X00,0X00,0X00,0X00,0X00,0X00,0X00,
0X00,0X00,0X00,0X00,0X00,0X00,0X00,0X00,0X00,0X00,0X00,0X00,0X00,0X00,0X00,0X00,
0X42,0X08,0X42,0X08,0X42,0X08,0X42,0X08,0X42,0X08,0X42,0X08,0X42,0X08,0X42,0X08,
0X42,0X08,0X42,0X08,0X42,0X08,0X42,0X08,0X42,0X08,0X42,0X08,0X42,0X08,0X42,0X08,
0X42,0X08,0X42,0X08,0X42,0X08,0X42,0X08,0X00,0X00,0X00,0X00,0X00,0X00,0X00,0X00,
0X00,0X00,0X00,0X00,0X00,0X00,0X00,0X00,0X00,0X00,0X00,0X00,0X00,0X00,0X00,0X00,
0X00,0X00,0X00,0X00,0X00,0X00,0X00,0X00,0X00,0X00,0X00,0X00,0X00,0X00,0X00,0X00,
0X00,0X00,0X00,0X00,0X00,0X00,0X00,0X00,0X00,0X00,0X00,0X00,0X00,0X00,0X00,0X00,
0X00,0X00,0X00,0X00,0X00,0X00,0X00,0X00,0X00,0X00,0X00,0X00,0X00,0X00,0X00,0X00,
0X00,0X00,0X00,0X00,0X00,0X00,0X00,0X00,0X00,0X00,0X00,0X00,0X00,0X00,0X00,0X00,
},
{
0X00,0X00,0X00,0X00,0X00,0X00,0X00,0X00,0X00,0X00,0X00,0X00,0X00,0X00,0X00,0X00,
0X00,0X00,0X00,0X00,0X00,0X00,0X00,0X00,0X00,0X00,0X00,0X00,0X00,0X00,0X00,0X00,
0X00,0X00,0X00,0X00,0X00,0X00,0X00,0X00,0X00,0X00,0X00,0X00,0X00,0X00,0X00,0X00,
0X00,0X00,0X00,0X00,0X00,0X00,0X00,0X00,0X00,0X00,0X00,0X00,0X00,0X00,0X00,0X00,
0X00,0X00,0X00,0X00,0X00,0X00,0X00,0X00,0X00,0X00,0X00,0X00,0X00,0X00,0X00,0X00,
0X00,0X00,0X00,0X00,0X00,0X00,0X00,0X00,0X00,0X00,0X00,0X00,0X00,0X00,0X00,0X00,
0X00,0X00,0X00,0X00,0X00,0X00,0X00,0X00,0X00,0X00,0X00,0X00,0X00,0X00,0X00,0X00,
0X00,0X00,0X00,0X00,0X00,0X00,0X00,0X00,0X00,0X00,0X00,0X00,0X00,0X00,0X00,0X00,
0X00,0X00,0X00,0X00,0X00,0X00,0X00,0X00,0X00,0X00,0X00,0X00,0X00,0X00,0X00,0X00,
0X00,0X00,0X00,0X00,0X00,0X00,0X00,0X00,0X00,0X00,0X00,0X00,0X00,0X00,0X00,0X00,
0X00,0X00,0X00,0X00,0X00,0X00,0X00,0X00,0X00,0X00,0X00,0X00,0X00,0X00,0X00,0X00,
0X00,0X00,0X00,0X00,0X00,0X00,0X00,0X00,0X00,0X00,0X00,0X00,0X00,0X00,0X00,0X00,
0X00,0X00,0X00,0X00,0X00,0X00,0X00,0X00,0X00,0X00,0X00,0X00,0X00,0X00,0X00,0X00,
0X00,0X00,0X00,0X00,0X00,0X00,0X00,0X00,0X00,0X00,0X00,0X00,0X00,0X00,0X00,0X00,
0X00,0X00,0X00,0X00,0X00,0X00,0X00,0X00,0X00,0X00,0X00,0X00,0X00,0X00,0X00,0X00,
0X00,0X00,0X00,0X00,0X42,0X08,0X42,0X08,0X42,0X08,0X42,0X08,0X42,0X08,0X42,0X08,
0X42,0X08,0X42,0X08,0X00,0X00,0X00,0X00,0X00,0X00,0X00,0X00,0X00,0X00,0X00,0X00,
0X00,0X00,0X00,0X00,0X00,0X00,0X00,0X00,0X00,0X00,0X00,0X00,0X00,0X00,0X00,0X00,
0X00,0X00,0X00,0X00,0X00,0X00,0X00,0X00,0X00,0X00,0X00,0X00,0X00,0X00,0X00,0X00,
0X00,0X00,0X00,0X00,0X00,0X00,0X00,0X00,0X7B,0XEF,0XFF,0XFF,0XFF,0XFF,0XFF,0XFF,
0XFF,0XFF,0XFF,0XFF,0XFF,0XFF,0XFF,0XFF,0XFF,0XFF,0XFF,0XFF,0XFF,0XFF,0X42,0X08,
0X00,0X00,0X00,0X00,0X00,0X00,0X00,0X00,0X00,0X00,0X00,0X00,0X00,0X00,0X00,0X00,
0X00,0X00,0X00,0X00,0X00,0X00,0X00,0X00,0X00,0X00,0X00,0X00,0X00,0X00,0X00,0X00,
0X00,0X00,0X00,0X00,0X00,0X00,0X00,0X00,0X00,0X00,0X00,0X00,0X00,0X00,0X00,0X00,
0XFF,0XFF,0XFF,0XFF,0XCE,0X79,0XCE,0X79,0XCE,0X79,0XCE,0X79,0XCE,0X79,0XCE,0X79,
0XCE,0X79,0XCE,0X79,0XFF,0XFF,0XCE,0X79,0X00,0X00,0X00,0X00,0X00,0X00,0X00,0X00,
0X00,0X00,0X00,0X00,0X00,0X00,0X00,0X00,0X00,0X00,0X00,0X00,0X00,0X00,0X00,0X00,
0X00,0X00,0X00,0X00,0X00,0X00,0X00,0X00,0X00,0X00,0X00,0X00,0X00,0X00,0X00,0X00,
0X00,0X00,0X00,0X00,0X00,0X00,0X84,0X10,0XFF,0XFF,0XDE,0XFB,0X00,0X00,0X00,0X00,
0X00,0X00,0X00,0X00,0X00,0X00,0X00,0X00,0X00,0X00,0X00,0X00,0XCE,0X79,0XFF,0XFF,
0X84,0X0F,0X00,0X00,0X00,0X00,0X00,0X00,0X00,0X00,0X00,0X00,0X00,0X00,0X00,0X00,
0X00,0X00,0X00,0X00,0X00,0X00,0X00,0X00,0X00,0X00,0X00,0X00,0X00,0X00,0X00,0X00,
0X00,0X00,0X00,0X00,0X00,0X00,0X84,0X10,0XFF,0XFF,0XFF,0XFF,0XFF,0XFF,0XFF,0XFF,
0XFF,0XFF,0X42,0X08,0X00,0X00,0X00,0X00,0X00,0X00,0X00,0X00,0X00,0X00,0X00,0X00,
0X00,0X00,0X00,0X00,0X42,0X08,0XFF,0XFF,0XFF,0XFF,0XFF,0XFF,0XFF,0XFF,0XFF,0XFF,
0X84,0X10,0X00,0X00,0X00,0X00,0X00,0X00,0X00,0X00,0X00,0X00,0X00,0X00,0X00,0X00,
0X00,0X00,0X00,0X00,0X00,0X00,0X00,0X00,0X00,0X00,0X00,0X00,0X00,0X00,0XFF,0XFF,
0XEF,0X7D,0XF7,0X9E,0XEF,0X7D,0XFF,0XFF,0X84,0X10,0X00,0X00,0X00,0X00,0X00,0X00,
0X00,0X00,0X00,0X00,0X00,0X00,0X00,0X00,0X00,0X00,0X00,0X00,0X00,0X00,0X84,0X10,
0XFF,0XFF,0XEF,0X7D,0XEF,0X7D,0XFF,0XFF,0XFF,0XFF,0X00,0X00,0X00,0X00,0X00,0X00,
0X00,0X00,0X00,0X00,0X00,0X00,0X00,0X00,0X00,0X00,0X00,0X00,0X00,0X00,0X00,0X00,
0X00,0X00,0X00,0X00,0X00,0X00,0XFF,0XFF,0XFF,0XFF,0X42,0X08,0X42,0X08,0X00,0X00,
0X00,0X00,0X00,0X00,0X00,0X00,0X00,0X00,0X00,0X00,0X00,0X00,0X00,0X00,0X00,0X00,
0X00,0X00,0X00,0X00,0X00,0X00,0X00,0X00,0X00,0X00,0X3A,0X07,0X3A,0X08,0XFF,0XFF,
0XFF,0XFF,0X00,0X00,0X00,0X00,0X00,0X00,0X00,0X00,0X00,0X00,0X00,0X00,0X00,0X00,
0X00,0X00,0X00,0X00,0X00,0X00,0X00,0X00,0X00,0X00,0X00,0X00,0X00,0X00,0XFF,0XFF,
0XFF,0XFF,0X00,0X00,0X00,0X00,0X00,0X00,0X00,0X00,0X00,0X00,0X00,0X00,0X00,0X00,
0X00,0X00,0X00,0X00,0X00,0X00,0X00,0X00,0X00,0X00,0X00,0X00,0X00,0X00,0X00,0X00,
0X00,0X40,0X4B,0X2A,0X21,0XA5,0XFF,0XFF,0XFF,0XFF,0X00,0X00,0X00,0X00,0X00,0X00,
0X00,0X00,0X00,0X00,0X00,0X00,0X00,0X00,0X00,0X00,0X00,0X00,0X00,0X00,0X00,0X00,
0X00,0X00,0X00,0X00,0X00,0X00,0XFF,0XFF,0XFF,0XFF,0X00,0X00,0X00,0X00,0X00,0X00,
0X00,0X00,0X00,0X00,0X00,0X00,0X00,0X00,0X00,0X00,0X00,0X00,0X00,0X00,0X00,0X00,
0X00,0X00,0X00,0X00,0X00,0X00,0X00,0X20,0X00,0X40,0X74,0XB0,0X21,0XA5,0XFF,0XFF,
0XFF,0XFF,0X00,0X00,0X00,0X00,0X00,0X00,0X00,0X00,0X00,0X00,0X00,0X00,0X00,0X00,
0X00,0X00,0X00,0X00,0X00,0X00,0X00,0X00,0X00,0X00,0X00,0X00,0X00,0X00,0XFF,0XFF,
0XFF,0XFF,0X00,0X00,0X00,0X00,0X00,0X00,0X00,0X00,0X00,0X00,0X00,0X00,0X00,0X00,
0X00,0X00,0X00,0X00,0X00,0X00,0X00,0X00,0X00,0X00,0X00,0X00,0X00,0X00,0X00,0X20,
0X00,0X40,0X7C,0XB0,0X21,0XA5,0XFF,0XFF,0XFF,0XFF,0X00,0X00,0X00,0X00,0X00,0X00,
0X00,0X00,0X00,0X00,0X00,0X00,0X00,0X00,0X00,0X00,0X00,0X00,0X00,0X00,0X00,0X00,
0X00,0X00,0X00,0X00,0X00,0X00,0XFF,0XFF,0XFF,0XFF,0X00,0X00,0X00,0X00,0X00,0X00,
0X00,0X00,0X00,0X00,0X00,0X00,0X00,0X00,0X00,0X00,0X00,0X00,0X00,0X00,0X00,0X00,
0X00,0X00,0X00,0X00,0X00,0X00,0X00,0X00,0X00,0X20,0X21,0XA5,0X00,0X00,0XFF,0XFF,
0XFF,0XFF,0X00,0X00,0X00,0X00,0X00,0X00,0X00,0X00,0X00,0X00,0X00,0X00,0X00,0X00,
0X00,0X00,0X00,0X00,0X00,0X00,0X00,0X00,0X00,0X00,0X00,0X00,0X00,0X00,0XFF,0XFF,
0XFF,0XFF,0X00,0X00,0X00,0X00,0X00,0X00,0X00,0X00,0X00,0X00,0X00,0X00,0X00,0X00,
0X00,0X00,0X00,0X00,0X00,0X00,0X00,0X00,0X00,0X00,0X00,0X00,0X00,0X00,0X00,0X00,
0X00,0X00,0X00,0X00,0X00,0X00,0XFF,0XFF,0XFF,0XFF,0X00,0X00,0X00,0X00,0X00,0X00,
0X00,0X00,0X00,0X00,0X00,0X00,0X00,0X00,0X00,0X00,0X00,0X00,0X00,0X00,0X00,0X00,
0X00,0X00,0X00,0X00,0X00,0X00,0XFF,0XFF,0XFF,0XFF,0X00,0X00,0X00,0X20,0X00,0X40,
0X00,0X40,0X00,0X40,0X00,0X40,0X00,0X40,0X00,0X40,0X00,0X40,0X00,0X40,0X00,0X40,
0X00,0X40,0X00,0X40,0X00,0X40,0X00,0X40,0X00,0X40,0X00,0X20,0X00,0X00,0XFF,0XFF,
0XFF,0XFF,0X00,0X00,0X00,0X00,0X00,0X00,0X00,0X00,0X00,0X00,0X00,0X00,0X00,0X00,
0X00,0X00,0X00,0X00,0X00,0X00,0X00,0X00,0X00,0X00,0X00,0X00,0X00,0X00,0XFF,0XFF,
0XFF,0XFF,0X00,0X20,0X11,0XE4,0X33,0X89,0X33,0XA9,0X33,0XA9,0X33,0XA9,0X33,0XA9,
0X33,0XA9,0X33,0XA9,0X33,0XA9,0X33,0XA9,0X33,0XA9,0X33,0XA9,0X33,0XA9,0X33,0XA9,
0X33,0XA9,0X3B,0X6A,0X00,0X20,0XFF,0XFF,0XFF,0XFF,0X00,0X00,0X00,0X00,0X00,0X00,
0X00,0X00,0X00,0X00,0X00,0X00,0X00,0X00,0X00,0X00,0X00,0X00,0X00,0X00,0X00,0X00,
0X00,0X00,0X00,0X00,0X00,0X00,0XFF,0XFF,0XFF,0XFF,0X00,0X40,0X8E,0X95,0X7E,0XD4,
0X7E,0XD4,0X7E,0XF4,0X7E,0XF4,0X7E,0XF4,0X7E,0XF4,0X7E,0XF4,0X7E,0XF4,0X7E,0XF4,
0X7E,0XF4,0X7E,0XF4,0X7E,0XF4,0X7E,0XF4,0X7E,0XD4,0X8E,0XB4,0X00,0X40,0XFF,0XFF,
0XFF,0XFF,0X00,0X00,0X00,0X00,0X00,0X00,0X00,0X00,0X00,0X00,0X00,0X00,0X00,0X00,
0X00,0X00,0X00,0X00,0X00,0X00,0X00,0X00,0X00,0X00,0X00,0X00,0X00,0X00,0XFF,0XFF,
0XFF,0XFF,0X00,0X40,0X86,0XB4,0X76,0XF3,0X77,0X13,0X77,0X13,0X77,0X13,0X77,0X13,
0X77,0X13,0X77,0X13,0X77,0X13,0X77,0X13,0X77,0X13,0X77,0X13,0X77,0X13,0X77,0X13,
0X77,0X13,0X86,0XB4,0X00,0X40,0XFF,0XFF,0XFF,0XFF,0X00,0X00,0X00,0X00,0X00,0X00,
0X00,0X00,0X00,0X00,0X00,0X00,0X00,0X00,0X00,0X00,0X00,0X00,0X00,0X00,0X00,0X00,
0X00,0X00,0X00,0X00,0X00,0X00,0XFF,0XFF,0XFF,0XFF,0X00,0X40,0X5D,0X0F,0X7E,0XD4,
0X7E,0XD4,0X7E,0XF4,0X7E,0XF4,0X7E,0XF4,0X7E,0XF4,0X7E,0XF4,0X7E,0XF4,0X7E,0XF4,
0X7E,0XF4,0X7E,0XF4,0X7E,0XF4,0X7E,0XF4,0X7E,0XF4,0X8E,0X95,0X00,0X40,0XFF,0XFF,
0XFF,0XFF,0X00,0X00,0X00,0X00,0X00,0X00,0X00,0X00,0X00,0X00,0X00,0X00,0X00,0X00,
0X00,0X00,0X00,0X00,0X00,0X00,0X00,0X00,0X00,0X00,0X00,0X00,0X00,0X00,0XFF,0XFF,
0XFF,0XFF,0X00,0X20,0X00,0X60,0X00,0X80,0X00,0X80,0X00,0XA0,0X00,0X80,0X00,0X80,
0X00,0XA0,0X00,0XA0,0X00,0X80,0X00,0X80,0X00,0XA0,0X00,0XA0,0X00,0XA0,0X00,0XA0,
0X00,0XA0,0X00,0X60,0X00,0X20,0XFF,0XFF,0XFF,0XFF,0X00,0X00,0X00,0X00,0X00,0X00,
0X00,0X00,0X00,0X00,0X00,0X00,0X00,0X00,0X00,0X00,0X00,0X00,0X00,0X00,0X00,0X00,
0X00,0X00,0X00,0X00,0X00,0X00,0XFF,0XFF,0XFF,0XFF,0X00,0X20,0X19,0XC4,0X3B,0X6A,
0X3B,0X6A,0X3B,0X8A,0X3B,0X8A,0X3B,0X6A,0X3B,0X8A,0X3B,0X8A,0X3B,0X6A,0X3B,0X6A,
0X3B,0X8A,0X3B,0X8A,0X3B,0X8A,0X3B,0X8A,0X3B,0X8A,0X43,0X4A,0X00,0X20,0XFF,0XFF,
0XFF,0XFF,0X00,0X00,0X00,0X00,0X00,0X00,0X00,0X00,0X00,0X00,0X00,0X00,0X00,0X00,
0X00,0X00,0X00,0X00,0X00,0X00,0X00,0X00,0X00,0X00,0X00,0X00,0X00,0X00,0XFF,0XFF,
0XFF,0XFF,0X00,0X40,0X8E,0X95,0X7E,0XD4,0X7E,0XF4,0X7E,0XF4,0X7E,0XF4,0X7E,0XF4,
0X7E,0XF4,0X7E,0XF4,0X7E,0XF4,0X7E,0XF4,0X7E,0XF4,0X7E,0XF4,0X7E,0XF4,0X7E,0XF4,
0X7E,0XF4,0X8E,0X95,0X00,0X40,0XFF,0XFF,0XFF,0XFF,0X00,0X00,0X00,0X00,0X00,0X00,
0X00,0X00,0X00,0X00,0X00,0X00,0X00,0X00,0X00,0X00,0X00,0X00,0X00,0X00,0X00,0X00,
0X00,0X00,0X00,0X00,0X00,0X00,0XFF,0XFF,0XFF,0XFF,0X00,0X40,0X86,0XB4,0X76,0XF4,
0X77,0X13,0X77,0X13,0X77,0X14,0X77,0X13,0X77,0X13,0X77,0X13,0X77,0X13,0X76,0XF4,
0X77,0X13,0X77,0X13,0X77,0X13,0X77,0X13,0X77,0X14,0X86,0XB4,0X00,0X40,0XFF,0XFF,
0XFF,0XFF,0X00,0X00,0X00,0X00,0X00,0X00,0X00,0X00,0X00,0X00,0X00,0X00,0X00,0X00,
0X00,0X00,0X00,0X00,0X00,0X00,0X00,0X00,0X00,0X00,0X00,0X00,0X00,0X00,0XFF,0XFF,
0XFF,0XFF,0X00,0X20,0X64,0XEF,0X8E,0XB4,0X86,0XB4,0X86,0XD4,0X86,0XD4,0X86,0XD4,
0X86,0XD4,0X86,0XD4,0X86,0XB4,0X86,0XB4,0X86,0XD4,0X86,0XD4,0X86,0XD4,0X86,0XD4,
0X86,0XB4,0X96,0X75,0X00,0X20,0XFF,0XFF,0XFF,0XFF,0X00,0X00,0X00,0X00,0X00,0X00,
0X00,0X00,0X00,0X00,0X00,0X00,0X00,0X00,0X00,0X00,0X00,0X00,0X00,0X00,0X00,0X00,
0X00,0X00,0X00,0X00,0X00,0X00,0XFF,0XFF,0XFF,0XFF,0X00,0X20,0X00,0X80,0X02,0X24,
0X02,0X43,0X02,0X43,0X02,0X43,0X02,0X43,0X02,0X43,0X02,0X43,0X02,0X43,0X02,0X43,
0X02,0X43,0X02,0X43,0X02,0X43,0X02,0X43,0X02,0X43,0X00,0XA0,0X00,0X20,0XFF,0XFF,
0XFF,0XFF,0X00,0X00,0X00,0X00,0X00,0X00,0X00,0X00,0X00,0X00,0X00,0X00,0X00,0X00,
0X00,0X00,0X00,0X00,0X00,0X00,0X00,0X00,0X00,0X00,0X00,0X00,0X00,0X00,0XFF,0XFF,
0XFF,0XFF,0X00,0X20,0X0A,0X04,0X2B,0XC9,0X23,0XC9,0X23,0XE9,0X23,0XE9,0X23,0XE9,
0X23,0XE9,0X23,0XE9,0X23,0XE9,0X23,0XE9,0X23,0XE9,0X23,0XE9,0X23,0XE9,0X23,0XC9,
0X2B,0XC9,0X0A,0X24,0X00,0X20,0XFF,0XFF,0XFF,0XFF,0X00,0X00,0X00,0X00,0X00,0X00,
0X00,0X00,0X00,0X00,0X00,0X00,0X00,0X00,0X00,0X00,0X00,0X00,0X00,0X00,0X00,0X00,
0X00,0X00,0X00,0X00,0X00,0X00,0XFF,0XFF,0XFF,0XFF,0X00,0X40,0X8E,0X95,0X7E,0XD4,
0X7E,0XD4,0X7E,0XF4,0X7E,0XF4,0X7E,0XF4,0X7E,0XF4,0X7E,0XF4,0X7E,0XF4,0X7E,0XF4,
0X7E,0XF4,0X7E,0XF4,0X7E,0XF4,0X7E,0XD4,0X7E,0XD4,0X8E,0X95,0X00,0X40,0XFF,0XFF,
0XFF,0XFF,0X00,0X00,0X00,0X00,0X00,0X00,0X00,0X00,0X00,0X00,0X00,0X00,0X00,0X00,
0X00,0X00,0X00,0X00,0X00,0X00,0X00,0X00,0X00,0X00,0X00,0X00,0X00,0X00,0XFF,0XFF,
0XFF,0XFF,0X00,0X40,0X86,0XB4,0X76,0XF4,0X77,0X13,0X6F,0X13,0X77,0X13,0X6F,0X13,
0X77,0X13,0X77,0X13,0X77,0X13,0X77,0X13,0X77,0X13,0X77,0X13,0X77,0X13,0X77,0X13,
0X77,0X13,0X86,0XB4,0X00,0X40,0XFF,0XFF,0XFF,0XFF,0X00,0X00,0X00,0X00,0X00,0X00,
0X00,0X00,0X00,0X00,0X00,0X00,0X00,0X00,0X00,0X00,0X00,0X00,0X00,0X00,0X00,0X00,
0X00,0X00,0X00,0X00,0X00,0X00,0XFF,0XFF,0XFF,0XFF,0X00,0X20,0X65,0X0F,0X86,0XD4,
0X7E,0XD4,0X7E,0XD4,0X7E,0XD4,0X7E,0XD4,0X7E,0XD4,0X7E,0XD4,0X7E,0XD4,0X7E,0XD4,
0X7E,0XD4,0X7E,0XD4,0X7E,0XD4,0X7E,0XD4,0X7E,0XD4,0X8E,0X95,0X00,0X40,0XFF,0XFF,
0XFF,0XFF,0X00,0X00,0X00,0X00,0X00,0X00,0X00,0X00,0X00,0X00,0X00,0X00,0X00,0X00,
0X00,0X00,0X00,0X00,0X00,0X00,0X00,0X00,0X00,0X00,0X00,0X00,0X00,0X00,0XFF,0XFF,
0XFF,0XFF,0X00,0X00,0X00,0X40,0X19,0XC4,0X11,0XE4,0X11,0XE4,0X11,0XE4,0X11,0XE4,
0X11,0XE4,0X11,0XE4,0X11,0XE4,0X11,0XE4,0X11,0XE4,0X11,0XE4,0X11,0XE4,0X11,0XE4,
0X11,0XE4,0X00,0X40,0X00,0X00,0XFF,0XFF,0XFF,0XFF,0X00,0X00,0X00,0X00,0X00,0X00,
0X00,0X00,0X00,0X00,0X00,0X00,0X00,0X00,0X00,0X00,0X00,0X00,0X00,0X00,0X00,0X00,
0X00,0X00,0X00,0X00,0X00,0X00,0XFF,0XFF,0XFF,0XFF,0X00,0X00,0X00,0X00,0X00,0X00,
0X00,0X00,0X00,0X20,0X00,0X20,0X00,0X20,0X00,0X20,0X00,0X20,0X00,0X20,0X00,0X20,
0X00,0X20,0X00,0X20,0X00,0X20,0X00,0X20,0X00,0X00,0X00,0X00,0X00,0X00,0XFF,0XFF,
0XFF,0XFF,0X00,0X00,0X00,0X00,0X00,0X00,0X00,0X00,0X00,0X00,0X00,0X00,0X00,0X00,
0X00,0X00,0X00,0X00,0X00,0X00,0X00,0X00,0X00,0X00,0X00,0X00,0X00,0X00,0XFF,0XFF,
0XFF,0XFF,0XCE,0X79,0XCE,0X79,0XCE,0X99,0XCE,0X99,0XCE,0X99,0XCE,0X99,0XCE,0X99,
0XCE,0X99,0XCE,0X99,0XCE,0X99,0XCE,0X99,0XCE,0X99,0XCE,0X99,0XCE,0X99,0XCE,0X99,
0XCE,0X99,0XCE,0X99,0XCE,0X79,0XFF,0XFF,0XFF,0XFF,0X00,0X00,0X00,0X00,0X00,0X00,
0X00,0X00,0X00,0X00,0X00,0X00,0X00,0X00,0X00,0X00,0X00,0X00,0X00,0X00,0X00,0X00,
0X00,0X00,0X00,0X00,0X00,0X00,0XD6,0X9A,0XFF,0XFF,0XFF,0XFF,0XFF,0XFF,0XFF,0XFF,
0XFF,0XFF,0XFF,0XFF,0XFF,0XFF,0XFF,0XFF,0XFF,0XFF,0XFF,0XFF,0XFF,0XFF,0XFF,0XFF,
0XFF,0XFF,0XFF,0XFF,0XFF,0XFF,0XFF,0XFF,0XFF,0XFF,0XFF,0XFF,0XFF,0XFF,0XFF,0XFF,
0XFF,0XFF,0X00,0X00,0X00,0X00,0X00,0X00,0X00,0X00,0X00,0X00,0X00,0X00,0X00,0X00,
0X00,0X00,0X00,0X00,0X00,0X00,0X00,0X00,0X00,0X00,0X00,0X00,0X00,0X00,0X00,0X00,
0X42,0X08,0X42,0X08,0X42,0X08,0X42,0X08,0X42,0X08,0X42,0X08,0X42,0X08,0X42,0X08,
0X42,0X08,0X42,0X08,0X42,0X08,0X42,0X08,0X42,0X08,0X42,0X08,0X42,0X08,0X42,0X08,
0X42,0X08,0X42,0X08,0X42,0X08,0X42,0X08,0X00,0X00,0X00,0X00,0X00,0X00,0X00,0X00,
0X00,0X00,0X00,0X00,0X00,0X00,0X00,0X00,0X00,0X00,0X00,0X00,0X00,0X00,0X00,0X00,
0X00,0X00,0X00,0X00,0X00,0X00,0X00,0X00,0X00,0X00,0X00,0X00,0X00,0X00,0X00,0X00,
0X00,0X00,0X00,0X00,0X00,0X00,0X00,0X00,0X00,0X00,0X00,0X00,0X00,0X00,0X00,0X00,
0X00,0X00,0X00,0X00,0X00,0X00,0X00,0X00,0X00,0X00,0X00,0X00,0X00,0X00,0X00,0X00,
0X00,0X00,0X00,0X00,0X00,0X00,0X00,0X00,0X00,0X00,0X00,0X00,0X00,0X00,0X00,0X00,
},
{
0X00,0X00,0X00,0X00,0X00,0X00,0X00,0X00,0X00,0X00,0X00,0X00,0X00,0X00,0X00,0X00,
0X00,0X00,0X00,0X00,0X00,0X00,0X00,0X00,0X00,0X00,0X00,0X00,0X00,0X00,0X00,0X00,
0X00,0X00,0X00,0X00,0X00,0X00,0X00,0X00,0X00,0X00,0X00,0X00,0X00,0X00,0X00,0X00,
0X00,0X00,0X00,0X00,0X00,0X00,0X00,0X00,0X00,0X00,0X00,0X00,0X00,0X00,0X00,0X00,
0X00,0X00,0X00,0X00,0X00,0X00,0X00,0X00,0X00,0X00,0X00,0X00,0X00,0X00,0X00,0X00,
0X00,0X00,0X00,0X00,0X00,0X00,0X00,0X00,0X00,0X00,0X00,0X00,0X00,0X00,0X00,0X00,
0X00,0X00,0X00,0X00,0X00,0X00,0X00,0X00,0X00,0X00,0X00,0X00,0X00,0X00,0X00,0X00,
0X00,0X00,0X00,0X00,0X00,0X00,0X00,0X00,0X00,0X00,0X00,0X00,0X00,0X00,0X00,0X00,
0X00,0X00,0X00,0X00,0X00,0X00,0X00,0X00,0X00,0X00,0X00,0X00,0X00,0X00,0X00,0X00,
0X00,0X00,0X00,0X00,0X00,0X00,0X00,0X00,0X00,0X00,0X00,0X00,0X00,0X00,0X00,0X00,
0X00,0X00,0X00,0X00,0X00,0X00,0X00,0X00,0X00,0X00,0X00,0X00,0X00,0X00,0X00,0X00,
0X00,0X00,0X00,0X00,0X00,0X00,0X00,0X00,0X00,0X00,0X00,0X00,0X00,0X00,0X00,0X00,
0X00,0X00,0X00,0X00,0X00,0X00,0X00,0X00,0X00,0X00,0X00,0X00,0X00,0X00,0X00,0X00,
0X00,0X00,0X00,0X00,0X00,0X00,0X00,0X00,0X00,0X00,0X00,0X00,0X00,0X00,0X00,0X00,
0X00,0X00,0X00,0X00,0X00,0X00,0X00,0X00,0X00,0X00,0X00,0X00,0X00,0X00,0X00,0X00,
0X00,0X00,0X00,0X00,0X42,0X08,0X42,0X08,0X42,0X08,0X42,0X08,0X42,0X08,0X42,0X08,
0X42,0X08,0X42,0X08,0X00,0X00,0X00,0X00,0X00,0X00,0X00,0X00,0X00,0X00,0X00,0X00,
0X00,0X00,0X00,0X00,0X00,0X00,0X00,0X00,0X00,0X00,0X00,0X00,0X00,0X00,0X00,0X00,
0X00,0X00,0X00,0X00,0X00,0X00,0X00,0X00,0X00,0X00,0X00,0X00,0X00,0X00,0X00,0X00,
0X00,0X00,0X00,0X00,0X00,0X00,0X00,0X00,0X7B,0XEF,0XFF,0XFF,0XFF,0XFF,0XFF,0XFF,
0XFF,0XFF,0XFF,0XFF,0XFF,0XFF,0XFF,0XFF,0XFF,0XFF,0XFF,0XFF,0XFF,0XFF,0X42,0X08,
0X00,0X00,0X00,0X00,0X00,0X00,0X00,0X00,0X00,0X00,0X00,0X00,0X00,0X00,0X00,0X00,
0X00,0X00,0X00,0X00,0X00,0X00,0X00,0X00,0X00,0X00,0X00,0X00,0X00,0X00,0X00,0X00,
0X00,0X00,0X00,0X00,0X00,0X00,0X00,0X00,0X00,0X00,0X00,0X00,0X00,0X00,0X00,0X00,
0XFF,0XFF,0XFF,0XFF,0XCE,0X79,0XCE,0X79,0XCE,0X79,0XCE,0X79,0XCE,0X79,0XCE,0X79,
0XCE,0X79,0XCE,0X79,0XFF,0XFF,0XCE,0X79,0X00,0X00,0X00,0X00,0X00,0X00,0X00,0X00,
0X00,0X00,0X00,0X00,0X00,0X00,0X00,0X00,0X00,0X00,0X00,0X00,0X00,0X00,0X00,0X00,
0X00,0X00,0X00,0X00,0X00,0X00,0X00,0X00,0X00,0X00,0X00,0X00,0X00,0X00,0X00,0X00,
0X00,0X00,0X00,0X00,0X00,0X00,0X84,0X10,0XFF,0XFF,0XDE,0XFB,0X00,0X00,0X00,0X00,
0X00,0X00,0X00,0X00,0X00,0X00,0X00,0X00,0X00,0X00,0X00,0X00,0XCE,0X79,0XFF,0XFF,
0X84,0X10,0X00,0X00,0X00,0X00,0X00,0X00,0X00,0X00,0X00,0X00,0X00,0X00,0X00,0X00,
0X00,0X00,0X00,0X00,0X00,0X00,0X00,0X00,0X00,0X00,0X00,0X00,0X00,0X00,0X00,0X00,
0X00,0X00,0X00,0X00,0X00,0X00,0X84,0X10,0XFF,0XFF,0XFF,0XFF,0XFF,0XFF,0XFF,0XFF,
0XFF,0XFF,0X42,0X08,0X00,0X00,0X00,0X00,0X00,0X00,0X00,0X00,0X00,0X00,0X00,0X00,
0X00,0X00,0X00,0X00,0X42,0X08,0XFF,0XFF,0XFF,0XFF,0XFF,0XFF,0XFF,0XFF,0XFF,0XFF,
0X84,0X10,0X00,0X00,0X00,0X00,0X00,0X00,0X00,0X00,0X00,0X00,0X00,0X00,0X00,0X00,
0X00,0X00,0X00,0X00,0X00,0X00,0X00,0X00,0X00,0X00,0X00,0X00,0X00,0X00,0XFF,0XFF,
0XEF,0X7D,0XEF,0X7D,0XEF,0X7D,0XFF,0XFF,0X84,0X10,0X00,0X00,0X00,0X00,0X00,0X00,
0X00,0X00,0X00,0X00,0X00,0X00,0X00,0X00,0X00,0X00,0X00,0X00,0X00,0X00,0X84,0X10,
0XFF,0XFF,0XEF,0X7D,0XF7,0X9E,0XFF,0XFF,0XFF,0XFF,0X00,0X00,0X00,0X00,0X00,0X00,
0X00,0X00,0X00,0X00,0X00,0X00,0X00,0X00,0X00,0X00,0X00,0X00,0X00,0X00,0X00,0X00,
0X00,0X00,0X00,0X00,0X00,0X00,0XFF,0XFF,0XFF,0XFF,0X3A,0X08,0X3A,0X07,0X00,0X00,
0X00,0X00,0X00,0X00,0X00,0X00,0X00,0X00,0X00,0X00,0X00,0X00,0X00,0X00,0X00,0X00,
0X00,0X00,0X00,0X00,0X00,0X00,0X00,0X00,0X00,0X00,0X3A,0X07,0X3A,0X08,0XFF,0XFF,
0XFF,0XFF,0X00,0X00,0X00,0X00,0X00,0X00,0X00,0X00,0X00,0X00,0X00,0X00,0X00,0X00,
0X00,0X00,0X00,0X00,0X00,0X00,0X00,0X00,0X00,0X00,0X00,0X00,0X00,0X00,0XFF,0XFF,
0XFF,0XFF,0X00,0X00,0X00,0X20,0X00,0X40,0X00,0X40,0X00,0X40,0X00,0X40,0X00,0X40,
0X00,0X40,0X00,0X40,0X00,0X40,0X00,0X40,0X00,0X40,0X00,0X40,0X00,0X40,0X00,0X20,
0X00,0X20,0X00,0X20,0X00,0X00,0XFF,0XFF,0XFF,0XFF,0X00,0X00,0X00,0X00,0X00,0X00,
0X00,0X00,0X00,0X00,0X00,0X00,0X00,0X00,0X00,0X00,0X00,0X00,0X00,0X00,0X00,0X00,
0X00,0X00,0X00,0X00,0X00,0X00,0XFF,0XFF,0XFF,0XFF,0X00,0X20,0X43,0X4A,0X3B,0X8A,
0X3B,0X8A,0X3B,0X8A,0X3B,0X8A,0X3B,0X8A,0X3B,0X8A,0X3B,0X8A,0X3B,0X8A,0X3B,0X6A,
0X3B,0X6A,0X3B,0X6A,0X3B,0X6A,0X3B,0X6A,0X3B,0X6A,0X19,0XC4,0X00,0X20,0XFF,0XFF,
0XFF,0XFF,0X00,0X00,0X00,0X00,0X00,0X00,0X00,0X00,0X00,0X00,0X00,0X00,0X00,0X00,
0X00,0X00,0X00,0X00,0X00,0X00,0X00,0X00,0X00,0X00,0X00,0X00,0X00,0X00,0XFF,0XFF,
0XFF,0XFF,0X00,0X40,0X8E,0X95,0X7E,0XF4,0X7E,0XF4,0X7E,0XF4,0X7E,0XF4,0X7E,0XF4,
0X7E,0XF4,0X7E,0XF4,0X7E,0XF4,0X7E,0XD4,0X7E,0XF4,0X7E,0XF4,0X7E,0XF4,0X7E,0XF4,
0X7E,0XF4,0X8E,0X95,0X00,0X40,0XFF,0XFF,0XFF,0XFF,0X00,0X00,0X00,0X00,0X00,0X00,
0X00,0X00,0X00,0X00,0X00,0X00,0X00,0X00,0X00,0X00,0X00,0X00,0X00,0X00,0X00,0X00,
0X00,0X00,0X00,0X00,0X00,0X00,0XFF,0XFF,0XFF,0XFF,0X00,0X40,0X86,0XB4,0X76,0XF4,
0X76,0XF4,0X76,0XF4,0X76,0XF4,0X76,0XF4,0X76,0XF4,0X76,0XF4,0X76,0XF4,0X76,0XF4,
0X76,0XF4,0X76,0XF4,0X76,0XF4,0X76,0XF4,0X76,0XF3,0X86,0XB4,0X00,0X40,0XFF,0XFF,
0XFF,0XFF,0X00,0X00,0X00,0X00,0X00,0X00,0X00,0X00,0X00,0X00,0X00,0X00,0X00,0X00,
0X00,0X00,0X00,0X00,0X00,0X00,0X00,0X00,0X00,0X00,0X00,0X00,0X00,0X00,0XFF,0XFF,
0XFF,0XFF,0X00,0X20,0X3B,0X6A,0X8E,0X95,0X8E,0X95,0X8E,0XB4,0X8E,0X95,0X8E,0X95,
0X8E,0XB4,0X8E,0XB4,0X8E,0X95,0X8E,0X95,0X8E,0XB4,0X8E,0XB4,0X8E,0X95,0X8E,0X95,
0X8E,0X95,0X6C,0XEF,0X00,0X20,0XFF,0XFF,0XFF,0XFF,0X00,0X00,0X00,0X00,0X00,0X00,
0X00,0X00,0X00,0X00,0X00,0X00,0X00,0X00,0X00,0X00,0X00,0X00,0X00,0X00,0X00,0X00,
0X00,0X00,0X00,0X00,0X00,0X00,0XFF,0XFF,0XFF,0XFF,0X00,0X20,0X00,0X80,0X00,0XA0,
0X00,0XC0,0X00,0XC0,0X00,0XC0,0X00,0XC0,0X00,0XC0,0X00,0XC0,0X00,0XC0,0X00,0XC0,
0X00,0XC0,0X00,0XC0,0X00,0XC0,0X00,0XC0,0X00,0XC0,0X00,0X80,0X00,0X20,0XFF,0XFF,
0XFF,0XFF,0X00,0X00,0X00,0X00,0X00,0X00,0X00,0X00,0X00,0X00,0X00,0X00,0X00,0X00,
0X00,0X00,0X00,0X00,0X00,0X00,0X00,0X00,0X00,0X00,0X00,0X00,0X00,0X00,0XFF,0XFF,
0XFF,0XFF,0X00,0X40,0X65,0X0F,0X55,0X4E,0X4D,0X6E,0X4D,0X6E,0X4D,0X6E,0X4D,0X6E,
0X4D,0X6E,0X4D,0X6E,0X4D,0X6E,0X4D,0X6E,0X4D,0X6E,0X4D,0X6E,0X4D,0X6E,0X55,0X4E,
0X55,0X4E,0X2B,0X48,0X00,0X40,0XFF,0XFF,0XFF,0XFF,0X00,0X00,0X00,0X00,0X00,0X00,
0X00,0X00,0X00,0X00,0X00,0X00,0X00,0X00,0X00,0X00,0X00,0X00,0X00,0X00,0X00,0X00,
0X00,0X00,0X00,0X00,0X00,0X00,0XFF,0XFF,0XFF,0XFF,0X00,0X40,0X86,0XB4,0X76,0XF4,
0X76,0XF4,0X76,0XF4,0X76,0XF4,0X77,0X13,0X76,0XF4,0X77,0X13,0X76,0XF4,0X77,0X13,
0X76,0XF4,0X77,0X13,0X76,0XF4,0X76,0XF4,0X7E,0XF4,0X8E,0XB4,0X00,0X40,0XFF,0XFF,
0XFF,0XFF,0X00,0X00,0X00,0X00,0X00,0X00,0X00,0X00,0X00,0X00,0X00,0X00,0X00,0X00,
0X00,0X00,0X00,0X00,0X00,0X00,0X00,0X00,0X00,0X00,0X00,0X00,0X00,0X00,0XFF,0XFF,
0XFF,0XFF,0X00,0X40,0X86,0XB4,0X77,0X13,0X77,0X13,0X6F,0X13,0X6F,0X13,0X6F,0X13,
0X6F,0X13,0X6F,0X13,0X6F,0X13,0X6F,0X13,0X6F,0X13,0X6F,0X13,0X6F,0X13,0X6F,0X13,
0X77,0X13,0X86,0XB4,0X00,0X40,0XFF,0XFF,0XFF,0XFF,0X00,0X00,0X00,0X00,0X00,0X00,
0X00,0X00,0X00,0X00,0X00,0X00,0X00,0X00,0X00,0X00,0X00,0X00,0X00,0X00,0X00,0X00,
0X00,0X00,0X00,0X00,0X00,0X00,0XFF,0XFF,0XFF,0XFF,0X00,0X40,0X5D,0X2F,0X7E,0XD4,
0X7E,0XF4,0X7E,0XF4,0X7E,0XF4,0X7E,0XF4,0X7E,0XF4,0X7E,0XF4,0X7E,0XF4,0X7E,0XF4,
0X7E,0XF4,0X7E,0XF4,0X7E,0XF4,0X7E,0XF4,0X7E,0XF4,0X86,0X53,0X00,0X40,0XFF,0XFF,
0XFF,0XFF,0X00,0X00,0X00,0X00,0X00,0X00,0X00,0X00,0X00,0X00,0X00,0X00,0X00,0X00,
0X00,0X00,0X00,0X00,0X00,0X00,0X00,0X00,0X00,0X00,0X00,0X00,0X00,0X00,0XFF,0XFF,
0XFF,0XFF,0X00,0X20,0X00,0X80,0X00,0XA0,0X00,0XA0,0X00,0XA0,0X00,0XA0,0X00,0XA0,
0X00,0XA0,0X00,0XA0,0X00,0XA0,0X00,0XA0,0X00,0XA0,0X00,0XA0,0X00,0XA0,0X00,0XA0,
0X00,0XA0,0X00,0X80,0X00,0X20,0XFF,0XFF,0XFF,0XFF,0X00,0X00,0X00,0X00,0X00,0X00,
0X00,0X00,0X00,0X00,0X00,0X00,0X00,0X00,0X00,0X00,0X00,0X00,0X00,0X00,0X00,0X00,
0X00,0X00,0X00,0X00,0X00,0X00,0XFF,0XFF,0XFF,0XFF,0X00,0X20,0X6C,0XD0,0X65,0X0F,
0X65,0X0F,0X65,0X0F,0X65,0X0F,0X65,0X0F,0X65,0X0F,0X65,0X0F,0X65,0X0F,0X65,0X0F,
0X65,0X0F,0X65,0X0F,0X65,0X0F,0X65,0X0F,0X64,0XEF,0X33,0X08,0X00,0X20,0XFF,0XFF,
0XFF,0XFF,0X00,0X00,0X00,0X00,0X00,0X00,0X00,0X00,0X00,0X00,0X00,0X00,0X00,0X00,
0X00,0X00,0X00,0X00,0X00,0X00,0X00,0X00,0X00,0X00,0X00,0X00,0X00,0X00,0XFF,0XFF,
0XFF,0XFF,0X00,0X40,0X7E,0X53,0X7E,0XF4,0X7E,0XF4,0X7E,0XF4,0X7E,0XF4,0X7E,0XF4,
0X7E,0XF4,0X7E,0XF4,0X7E,0XF4,0X7E,0XF4,0X7E,0XF4,0X7E,0XF4,0X7E,0XF4,0X7E,0XF4,
0X7E,0XF4,0X8E,0X95,0X00,0X40,0XFF,0XFF,0XFF,0XFF,0X00,0X00,0X00,0X00,0X00,0X00,
0X00,0X00,0X00,0X00,0X00,0X00,0X00,0X00,0X00,0X00,0X00,0X00,0X00,0X00,0X00,0X00,
0X00,0X00,0X00,0X00,0X00,0X00,0XFF,0XFF,0XFF,0XFF,0X00,0X40,0X86,0XB4,0X76,0XF3,
0X77,0X13,0X77,0X14,0X77,0X13,0X77,0X13,0X77,0X13,0X77,0X13,0X77,0X13,0X77,0X13,
0X77,0X13,0X77,0X13,0X77,0X13,0X77,0X13,0X77,0X13,0X86,0XB4,0X00,0X40,0XFF,0XFF,
0XFF,0XFF,0X00,0X00,0X00,0X00,0X00,0X00,0X00,0X00,0X00,0X00,0X00,0X00,0X00,0X00,
0X00,0X00,0X00,0X00,0X00,0X00,0X00,0X00,0X00,0X00,0X00,0X00,0X00,0X00,0XFF,0XFF,
0XFF,0XFF,0X00,0X20,0X86,0X33,0X86,0XD4,0X7E,0XD4,0X7E,0XD4,0X7E,0XD4,0X7E,0XF4,
0X7E,0XD4,0X7E,0XD4,0X7E,0XD4,0X7E,0XD4,0X7E,0XD4,0X7E,0XD4,0X7E,0XD4,0X7E,0XD4,
0X86,0XD4,0X86,0X33,0X00,0X20,0XFF,0XFF,0XFF,0XFF,0X00,0X00,0X00,0X00,0X00,0X00,
0X00,0X00,0X00,0X00,0X00,0X00,0X00,0X00,0X00,0X00,0X00,0X00,0X00,0X00,0X00,0X00,
0X00,0X00,0X00,0X00,0X00,0X00,0XFF,0XFF,0XFF,0XFF,0X00,0X20,0X00,0XA0,0X23,0X67,
0X1B,0X87,0X1B,0X87,0X1B,0X87,0X1B,0X87,0X1B,0X87,0X1B,0X87,0X1B,0X87,0X1B,0X87,
0X1B,0X87,0X1B,0X87,0X1B,0X87,0X1B,0X87,0X23,0X67,0X00,0XA0,0X00,0X20,0XFF,0XFF,
0XFF,0XFF,0X00,0X00,0X00,0X00,0X00,0X00,0X00,0X00,0X00,0X00,0X00,0X00,0X00,0X00,
0X00,0X00,0X00,0X00,0X00,0X00,0X00,0X00,0X00,0X00,0X00,0X00,0X00,0X00,0XFF,0XFF,
0XFF,0XFF,0X00,0X20,0X0A,0X04,0X2B,0XC9,0X23,0XC9,0X23,0XE9,0X23,0XE9,0X23,0XE9,
0X23,0XE8,0X23,0XE8,0X23,0XE9,0X23,0XE9,0X23,0XE8,0X23,0XE9,0X23,0XE9,0X23,0XC9,
0X2B,0XC9,0X0A,0X24,0X00,0X20,0XFF,0XFF,0XFF,0XFF,0X00,0X00,0X00,0X00,0X00,0X00,
0X00,0X00,0X00,0X00,0X00,0X00,0X00,0X00,0X00,0X00,0X00,0X00,0X00,0X00,0X00,0X00,
0X00,0X00,0X00,0X00,0X00,0X00,0XFF,0XFF,0XFF,0XFF,0X00,0X40,0X65,0X0F,0X7E,0XD4,
0X7E,0XD4,0X7E,0XF4,0X7E,0XF4,0X7E,0XF4,0X7E,0XF4,0X7E,0XF4,0X7E,0XF4,0X7E,0XF4,
0X7E,0XF4,0X7E,0XF4,0X7E,0XD4,0X7E,0XD4,0X7E,0XD4,0X8E,0X95,0X00,0X40,0XFF,0XFF,
0XFF,0XFF,0X00,0X00,0X00,0X00,0X00,0X00,0X00,0X00,0X00,0X00,0X00,0X00,0X00,0X00,
0X00,0X00,0X00,0X00,0X00,0X00,0X00,0X00,0X00,0X00,0X00,0X00,0X00,0X00,0XFF,0XFF,
0XFF,0XFF,0X00,0X40,0X86,0XB4,0X77,0X13,0X77,0X13,0X6F,0X13,0X77,0X13,0X77,0X13,
0X77,0X13,0X77,0X13,0X77,0X13,0X77,0X13,0X77,0X13,0X77,0X13,0X77,0X13,0X77,0X14,
0X76,0XF4,0X86,0XB5,0X00,0X40,0XFF,0XFF,0XFF,0XFF,0X00,0X00,0X00,0X00,0X00,0X00,
0X00,0X00,0X00,0X00,0X00,0X00,0X00,0X00,0X00,0X00,0X00,0X00,0X00,0X00,0X00,0X00,
0X00,0X00,0X00,0X00,0X00,0X00,0XFF,0XFF,0XFF,0XFF,0X00,0X40,0X8E,0X95,0X7E,0XD4,
0X7E,0XD4,0X7E,0XD4,0X7E,0XD4,0X7E,0XD4,0X7E,0XD4,0X7E,0XD4,0X7E,0XD4,0X7E,0XD4,
0X7E,0XD4,0X7E,0XD4,0X7E,0XD4,0X7E,0XD4,0X86,0XD4,0X65,0X0F,0X00,0X40,0XFF,0XFF,
0XFF,0XFF,0X00,0X00,0X00,0X00,0X00,0X00,0X00,0X00,0X00,0X00,0X00,0X00,0X00,0X00,
0X00,0X00,0X00,0X00,0X00,0X00,0X00,0X00,0X00,0X00,0X00,0X00,0X00,0X00,0XFF,0XFF,
0XFF,0XFF,0X00,0X00,0X00,0X40,0X11,0XE4,0X11,0XE4,0X11,0XE4,0X11,0XE4,0X11,0XE4,
0X11,0XE4,0X11,0XE4,0X11,0XE4,0X11,0XE4,0X11,0XE4,0X11,0XE4,0X11,0XE4,0X11,0XE4,
0X19,0XC4,0X00,0X40,0X00,0X00,0XFF,0XFF,0XFF,0XFF,0X00,0X00,0X00,0X00,0X00,0X00,
0X00,0X00,0X00,0X00,0X00,0X00,0X00,0X00,0X00,0X00,0X00,0X00,0X00,0X00,0X00,0X00,
0X00,0X00,0X00,0X00,0X00,0X00,0XFF,0XFF,0XFF,0XFF,0X00,0X00,0X00,0X00,0X00,0X00,
0X00,0X00,0X00,0X20,0X00,0X20,0X00,0X20,0X00,0X20,0X00,0X20,0X00,0X20,0X00,0X20,
0X00,0X20,0X00,0X20,0X00,0X20,0X00,0X20,0X00,0X00,0X00,0X00,0X00,0X00,0XFF,0XFF,
0XFF,0XFF,0X00,0X00,0X00,0X00,0X00,0X00,0X00,0X00,0X00,0X00,0X00,0X00,0X00,0X00,
0X00,0X00,0X00,0X00,0X00,0X00,0X00,0X00,0X00,0X00,0X00,0X00,0X00,0X00,0XFF,0XFF,
0XFF,0XFF,0XCE,0X79,0XCE,0X99,0XCE,0X99,0XCE,0X99,0XCE,0X99,0XCE,0X99,0XCE,0X99,
0XCE,0X99,0XCE,0X99,0XCE,0X99,0XCE,0X99,0XCE,0X99,0XCE,0X99,0XCE,0X99,0XCE,0X99,
0XCE,0X99,0XCE,0X99,0XCE,0X79,0XFF,0XFF,0XFF,0XFF,0X00,0X00,0X00,0X00,0X00,0X00,
0X00,0X00,0X00,0X00,0X00,0X00,0X00,0X00,0X00,0X00,0X00,0X00,0X00,0X00,0X00,0X00,
0X00,0X00,0X00,0X00,0X00,0X00,0XD6,0X9A,0XFF,0XFF,0XFF,0XFF,0XFF,0XFF,0XFF,0XFF,
0XFF,0XFF,0XFF,0XFF,0XFF,0XFF,0XFF,0XFF,0XFF,0XFF,0XFF,0XFF,0XFF,0XFF,0XFF,0XFF,
0XFF,0XFF,0XFF,0XFF,0XFF,0XFF,0XFF,0XFF,0XFF,0XFF,0XFF,0XFF,0XFF,0XFF,0XFF,0XFF,
0XFF,0XFF,0X00,0X00,0X00,0X00,0X00,0X00,0X00,0X00,0X00,0X00,0X00,0X00,0X00,0X00,
0X00,0X00,0X00,0X00,0X00,0X00,0X00,0X00,0X00,0X00,0X00,0X00,0X00,0X00,0X00,0X00,
0X42,0X08,0X42,0X08,0X42,0X08,0X42,0X08,0X42,0X08,0X42,0X08,0X42,0X08,0X42,0X08,
0X42,0X08,0X42,0X08,0X42,0X08,0X42,0X08,0X42,0X08,0X42,0X08,0X42,0X08,0X42,0X08,
0X42,0X08,0X42,0X08,0X42,0X08,0X42,0X08,0X00,0X00,0X00,0X00,0X00,0X00,0X00,0X00,
0X00,0X00,0X00,0X00,0X00,0X00,0X00,0X00,0X00,0X00,0X00,0X00,0X00,0X00,0X00,0X00,
0X00,0X00,0X00,0X00,0X00,0X00,0X00,0X00,0X00,0X00,0X00,0X00,0X00,0X00,0X00,0X00,
0X00,0X00,0X00,0X00,0X00,0X00,0X00,0X00,0X00,0X00,0X00,0X00,0X00,0X00,0X00,0X00,
0X00,0X00,0X00,0X00,0X00,0X00,0X00,0X00,0X00,0X00,0X00,0X00,0X00,0X00,0X00,0X00,
0X00,0X00,0X00,0X00,0X00,0X00,0X00,0X00,0X00,0X00,0X00,0X00,0X00,0X00,0X00,0X00,
},
{

0X00,0X00,0X00,0X00,0X00,0X00,0X00,0X00,0X00,0X00,0X00,0X00,0X00,0X00,0X00,0X00,
0X00,0X00,0X00,0X00,0X00,0X00,0X00,0X00,0X00,0X00,0X00,0X00,0X00,0X00,0X00,0X00,
0X00,0X00,0X00,0X00,0X00,0X00,0X00,0X00,0X00,0X00,0X00,0X00,0X00,0X00,0X00,0X00,
0X00,0X00,0X00,0X00,0X00,0X00,0X00,0X00,0X00,0X00,0X00,0X00,0X00,0X00,0X00,0X00,
0X00,0X00,0X00,0X00,0X00,0X00,0X00,0X00,0X00,0X00,0X00,0X00,0X00,0X00,0X00,0X00,
0X00,0X00,0X00,0X00,0X00,0X00,0X00,0X00,0X00,0X00,0X00,0X00,0X00,0X00,0X00,0X00,
0X00,0X00,0X00,0X00,0X00,0X00,0X00,0X00,0X00,0X00,0X00,0X00,0X00,0X00,0X00,0X00,
0X00,0X00,0X00,0X00,0X00,0X00,0X00,0X00,0X00,0X00,0X00,0X00,0X00,0X00,0X00,0X00,
0X00,0X00,0X00,0X00,0X00,0X00,0X00,0X00,0X00,0X00,0X00,0X00,0X00,0X00,0X00,0X00,
0X00,0X00,0X00,0X00,0X00,0X00,0X00,0X00,0X00,0X00,0X00,0X00,0X00,0X00,0X00,0X00,
0X00,0X00,0X00,0X00,0X00,0X00,0X00,0X00,0X00,0X00,0X00,0X00,0X00,0X00,0X00,0X00,
0X00,0X00,0X00,0X00,0X00,0X00,0X00,0X00,0X00,0X00,0X00,0X00,0X00,0X00,0X00,0X00,
0X00,0X00,0X00,0X00,0X00,0X00,0X00,0X00,0X00,0X00,0X00,0X00,0X00,0X00,0X00,0X00,
0X00,0X00,0X00,0X00,0X00,0X00,0X00,0X00,0X00,0X00,0X00,0X00,0X00,0X00,0X00,0X00,
0X00,0X00,0X00,0X00,0X00,0X00,0X00,0X00,0X00,0X00,0X00,0X00,0X00,0X00,0X00,0X00,
0X00,0X00,0X00,0X00,0X42,0X08,0X42,0X08,0X42,0X08,0X42,0X08,0X42,0X08,0X42,0X08,
0X42,0X08,0X42,0X08,0X00,0X00,0X00,0X00,0X00,0X00,0X00,0X00,0X00,0X00,0X00,0X00,
0X00,0X00,0X00,0X00,0X00,0X00,0X00,0X00,0X00,0X00,0X00,0X00,0X00,0X00,0X00,0X00,
0X00,0X00,0X00,0X00,0X00,0X00,0X00,0X00,0X00,0X00,0X00,0X00,0X00,0X00,0X00,0X00,
0X00,0X00,0X00,0X00,0X00,0X00,0X00,0X00,0X84,0X10,0XFF,0XFF,0XFF,0XFF,0XFF,0XFF,
0XFF,0XFF,0XFF,0XFF,0XFF,0XFF,0XFF,0XFF,0XFF,0XFF,0XFF,0XFF,0XFF,0XFF,0X42,0X08,
0X00,0X00,0X00,0X00,0X00,0X00,0X00,0X00,0X00,0X00,0X00,0X00,0X00,0X00,0X00,0X00,
0X00,0X00,0X00,0X00,0X00,0X00,0X00,0X00,0X00,0X00,0X00,0X00,0X00,0X00,0X00,0X00,
0X00,0X00,0X00,0X00,0X00,0X00,0X00,0X00,0X00,0X00,0X00,0X00,0X00,0X00,0X00,0X00,
0XFF,0XFF,0XFF,0XFF,0XCE,0X99,0XCE,0X9A,0XC6,0XBA,0XC6,0XBA,0XC6,0XBA,0XC6,0XBA,
0XC6,0X9A,0XCE,0X9A,0XFF,0XFF,0XD6,0X9A,0X00,0X00,0X00,0X00,0X00,0X00,0X00,0X00,
0X00,0X00,0X00,0X00,0X00,0X00,0X00,0X00,0X00,0X00,0X00,0X00,0X00,0X00,0X00,0X00,
0X00,0X00,0X00,0X00,0X00,0X00,0X00,0X00,0X00,0X00,0X00,0X00,0X00,0X00,0X00,0X00,
0X00,0X00,0X00,0X00,0X00,0X00,0X84,0X10,0XFF,0XFF,0XDF,0X1B,0X00,0X20,0X00,0X40,
0X00,0X60,0X00,0X60,0X00,0X60,0X00,0X60,0X00,0X40,0X00,0X40,0XCE,0X9A,0XFF,0XFF,
0X84,0X10,0X00,0X00,0X00,0X00,0X00,0X00,0X00,0X00,0X00,0X00,0X00,0X00,0X00,0X00,
0X00,0X00,0X00,0X00,0X00,0X00,0X00,0X00,0X00,0X00,0X00,0X00,0X00,0X00,0X00,0X00,
0X00,0X00,0X00,0X00,0X00,0X00,0X84,0X10,0XFF,0XFF,0XFF,0XFF,0XFF,0XFF,0XFF,0XFF,
0XFF,0XFF,0X3A,0X28,0X11,0XC6,0X96,0X78,0X8E,0X98,0X8E,0XB8,0X8E,0XB8,0X8E,0X98,
0X96,0X78,0X43,0X6C,0X3A,0X28,0XFF,0XFF,0XFF,0XFF,0XFF,0XFF,0XFF,0XFF,0XFF,0XFF,
0X84,0X0F,0X00,0X00,0X00,0X00,0X00,0X00,0X00,0X00,0X00,0X00,0X00,0X00,0X00,0X00,
0X00,0X00,0X00,0X00,0X00,0X00,0X00,0X00,0X00,0X00,0X00,0X00,0X00,0X00,0XFF,0XFF,
0XEF,0X7D,0XEF,0X7D,0XEF,0X7D,0XFF,0XFF,0X7C,0X10,0X00,0X20,0X3B,0X8C,0X86,0XD8,
0X7E,0XF9,0X76,0XF9,0X76,0XF9,0X7E,0XF9,0X86,0XB8,0X3B,0X8C,0X00,0X20,0X84,0X0F,
0XFF,0XFF,0XEF,0X7D,0XEF,0X7D,0XFF,0XFF,0XFF,0XFF,0X00,0X00,0X00,0X00,0X00,0X00,
0X00,0X00,0X00,0X00,0X00,0X00,0X00,0X00,0X00,0X00,0X00,0X00,0X00,0X00,0X00,0X00,
0X00,0X00,0X00,0X00,0X00,0X00,0XFF,0XFF,0XFF,0XFF,0X3A,0X08,0X3A,0X08,0X00,0X20,
0X00,0X20,0X00,0X40,0X33,0X8C,0X86,0XD8,0X7E,0XF9,0X7E,0XF9,0X7E,0XF9,0X7E,0XF9,
0X86,0XB8,0X02,0X06,0X00,0X40,0X00,0X20,0X00,0X20,0X3A,0X08,0X3A,0X08,0XFF,0XFF,
0XFF,0XFF,0X00,0X00,0X00,0X00,0X00,0X00,0X00,0X00,0X00,0X00,0X00,0X00,0X00,0X00,
0X00,0X00,0X00,0X00,0X00,0X00,0X00,0X00,0X00,0X00,0X00,0X00,0X00,0X00,0XFF,0XFF,
0XFF,0XFF,0X00,0X00,0X00,0X40,0X00,0X60,0X00,0X60,0X00,0X60,0X00,0X80,0X00,0XA0,
0X00,0XA0,0X00,0XA0,0X00,0XA0,0X00,0XA0,0X00,0XA0,0X00,0X80,0X00,0X60,0X00,0X60,
0X00,0X40,0X00,0X40,0X00,0X00,0XFF,0XFF,0XFF,0XFF,0X00,0X00,0X00,0X00,0X00,0X00,
0X00,0X00,0X00,0X00,0X00,0X00,0X00,0X00,0X00,0X00,0X00,0X00,0X00,0X00,0X00,0X00,
0X00,0X00,0X00,0X00,0X00,0X00,0XFF,0XFF,0XFF,0XFF,0X00,0X20,0X85,0XB5,0X7D,0XF5,
0X7D,0XF5,0X7D,0XF5,0X7D,0XF5,0X7D,0XF5,0X7D,0XF5,0X7D,0XF5,0X7D,0XF5,0X7D,0XF5,
0X7D,0XF5,0X7D,0XF5,0X7D,0XF5,0X7D,0XD5,0X7D,0XD5,0X4B,0XEE,0X00,0X20,0XFF,0XFF,
0XFF,0XFF,0X00,0X00,0X00,0X00,0X00,0X00,0X00,0X00,0X00,0X00,0X00,0X00,0X00,0X00,
0X00,0X00,0X00,0X00,0X00,0X00,0X00,0X00,0X00,0X00,0X00,0X00,0X00,0X00,0XFF,0XFF,
0XFF,0XFF,0X00,0X40,0X8E,0XB8,0X76,0XF8,0X7E,0XF9,0X76,0XF9,0X7E,0XF9,0X7E,0XF9,
0X7E,0XF9,0X7E,0XF9,0X7E,0XF9,0X7E,0XF9,0X7E,0XF9,0X7E,0XF9,0X7E,0XF9,0X7E,0XF9,
0X7E,0XF9,0X8E,0XB8,0X00,0X40,0XFF,0XFF,0XFF,0XFF,0X00,0X00,0X00,0X00,0X00,0X00,
0X00,0X00,0X00,0X00,0X00,0X00,0X00,0X00,0X00,0X00,0X00,0X00,0X00,0X00,0X00,0X00,
0X00,0X00,0X00,0X00,0X00,0X00,0XFF,0XFF,0XFF,0XFF,0X00,0X40,0X8E,0XB8,0X76,0XF9,
0X76,0XF9,0X76,0XF9,0X76,0XF9,0X76,0XF9,0X76,0XF9,0X76,0XF9,0X76,0XF8,0X7E,0XF9,
0X76,0XF9,0X76,0XF9,0X76,0XF9,0X7F,0X19,0X76,0XF9,0X8E,0XB8,0X00,0X40,0XFF,0XFF,
0XFF,0XFF,0X00,0X00,0X00,0X00,0X00,0X00,0X00,0X00,0X00,0X00,0X00,0X00,0X00,0X00,
0X00,0X00,0X00,0X00,0X00,0X00,0X00,0X00,0X00,0X00,0X00,0X00,0X00,0X00,0XFF,0XFF,
0XFF,0XFF,0X00,0X20,0X85,0XD5,0X8E,0XB8,0X8E,0XB8,0X8E,0XB8,0X8E,0XB8,0X8E,0XB8,
0X8E,0XB8,0X8E,0XB8,0X8E,0XB8,0X8E,0XB8,0X8E,0XB8,0X8E,0XB8,0X8E,0XB8,0X8E,0XB8,
0X8E,0XB8,0X96,0X78,0X00,0X20,0XFF,0XFF,0XFF,0XFF,0X00,0X00,0X00,0X00,0X00,0X00,
0X00,0X00,0X00,0X00,0X00,0X00,0X00,0X00,0X00,0X00,0X00,0X00,0X00,0X00,0X00,0X00,
0X00,0X00,0X00,0X00,0X00,0X00,0XFF,0XFF,0XFF,0XFF,0X00,0X20,0X00,0X80,0X00,0XC0,
0X00,0XC0,0X00,0XC0,0X00,0XA1,0X00,0XA1,0X00,0XC0,0X00,0XC0,0X00,0XA1,0X00,0XA1,
0X00,0XC0,0X00,0XC0,0X00,0XA1,0X00,0XC1,0X00,0XC1,0X00,0X80,0X00,0X20,0XFF,0XFF,
0XFF,0XFF,0X00,0X00,0X00,0X00,0X00,0X00,0X00,0X00,0X00,0X00,0X00,0X00,0X00,0X00,
0X00,0X00,0X00,0X00,0X00,0X00,0X00,0X00,0X00,0X00,0X00,0X00,0X00,0X00,0XFF,0XFF,
0XFF,0XFF,0X00,0X40,0X7E,0X57,0X6E,0X97,0X6E,0X97,0X6E,0X97,0X6E,0X97,0X6E,0X97,
0X6E,0X97,0X6E,0X97,0X6E,0X97,0X6E,0X97,0X6E,0X97,0X6E,0X97,0X6E,0X97,0X6E,0X97,
0X6E,0X97,0X54,0XD1,0X00,0X40,0XFF,0XFF,0XFF,0XFF,0X00,0X00,0X00,0X00,0X00,0X00,
0X00,0X00,0X00,0X00,0X00,0X00,0X00,0X00,0X00,0X00,0X00,0X00,0X00,0X00,0X00,0X00,
0X00,0X00,0X00,0X00,0X00,0X00,0XFF,0XFF,0XFF,0XFF,0X00,0X40,0X86,0XD8,0X6F,0X19,
0X6F,0X19,0X6F,0X19,0X77,0X19,0X6F,0X19,0X77,0X19,0X6F,0X19,0X77,0X19,0X6F,0X19,
0X77,0X19,0X6F,0X19,0X77,0X19,0X77,0X19,0X77,0X19,0X86,0XD8,0X00,0X40,0XFF,0XFF,
0XFF,0XFF,0X00,0X00,0X00,0X00,0X00,0X00,0X00,0X00,0X00,0X00,0X00,0X00,0X00,0X00,
0X00,0X00,0X00,0X00,0X00,0X00,0X00,0X00,0X00,0X00,0X00,0X00,0X00,0X00,0XFF,0XFF,
0XFF,0XFF,0X00,0X40,0X86,0XD8,0X6F,0X19,0X6F,0X19,0X6F,0X19,0X6F,0X19,0X6F,0X19,
0X6F,0X19,0X6F,0X19,0X6F,0X19,0X6F,0X19,0X6F,0X19,0X6F,0X19,0X6F,0X19,0X6F,0X19,
0X77,0X19,0X86,0XD8,0X00,0X40,0XFF,0XFF,0XFF,0XFF,0X00,0X00,0X00,0X00,0X00,0X00,
0X00,0X00,0X00,0X00,0X00,0X00,0X00,0X00,0X00,0X00,0X00,0X00,0X00,0X00,0X00,0X00,
0X00,0X00,0X00,0X00,0X00,0X00,0XFF,0XFF,0XFF,0XFF,0X00,0X40,0X7E,0X57,0X7E,0XF9,
0X7E,0XF9,0X7E,0XF9,0X7E,0XF9,0X7E,0XF9,0X7E,0XF9,0X7E,0XF9,0X7E,0XF9,0X7E,0XF9,
0X7E,0XF9,0X7E,0XF9,0X7E,0XF9,0X7E,0XF9,0X7E,0XF9,0X8E,0XB8,0X00,0X40,0XFF,0XFF,
0XFF,0XFF,0X00,0X00,0X00,0X00,0X00,0X00,0X00,0X00,0X00,0X00,0X00,0X00,0X00,0X00,
0X00,0X00,0X00,0X00,0X00,0X00,0X00,0X00,0X00,0X00,0X00,0X00,0X00,0X00,0XFF,0XFF,
0XFF,0XFF,0X00,0X20,0X00,0X80,0X00,0XA1,0X00,0XA0,0X00,0XA0,0X00,0XA0,0X00,0XA0,
0X00,0XA0,0X00,0XA0,0X00,0XA0,0X00,0XA0,0X00,0XA0,0X00,0XA0,0X00,0XA0,0X00,0XA0,
0X00,0XA0,0X00,0X60,0X00,0X20,0XFF,0XFF,0XFF,0XFF,0X00,0X00,0X00,0X00,0X00,0X00,
0X00,0X00,0X00,0X00,0X00,0X00,0X00,0X00,0X00,0X00,0X00,0X00,0X00,0X00,0X00,0X00,
0X00,0X00,0X00,0X00,0X00,0X00,0XFF,0XFF,0XFF,0XFF,0X00,0X20,0X85,0XB5,0X7D,0XF5,
0X7D,0XF5,0X7D,0XF5,0X7D,0XF5,0X7D,0XF5,0X7D,0XF5,0X7D,0XF5,0X7D,0XF5,0X7D,0XF5,
0X7D,0XF5,0X7D,0XF5,0X7D,0XF5,0X7D,0XD5,0X7D,0XD5,0X4B,0XEE,0X00,0X20,0XFF,0XFF,
0XFF,0XFF,0X00,0X00,0X00,0X00,0X00,0X00,0X00,0X00,0X00,0X00,0X00,0X00,0X00,0X00,
0X00,0X00,0X00,0X00,0X00,0X00,0X00,0X00,0X00,0X00,0X00,0X00,0X00,0X00,0XFF,0XFF,
0XFF,0XFF,0X00,0X40,0X86,0XB8,0X7E,0XF9,0X7E,0XF9,0X7E,0XF9,0X7E,0XF9,0X7E,0XF9,
0X76,0XF9,0X76,0XF9,0X7E,0XF9,0X7E,0XF9,0X7E,0XF9,0X7E,0XF9,0X7E,0XF9,0X7E,0XF9,
0X7E,0XF9,0X8E,0XB8,0X00,0X40,0XFF,0XFF,0XFF,0XFF,0X00,0X00,0X00,0X00,0X00,0X00,
0X00,0X00,0X00,0X00,0X00,0X00,0X00,0X00,0X00,0X00,0X00,0X00,0X00,0X00,0X00,0X00,
0X00,0X00,0X00,0X00,0X00,0X00,0XFF,0XFF,0XFF,0XFF,0X00,0X40,0X86,0XB8,0X77,0X19,
0X77,0X19,0X77,0X19,0X77,0X19,0X77,0X19,0X77,0X19,0X77,0X19,0X77,0X19,0X77,0X19,
0X77,0X19,0X77,0X19,0X77,0X19,0X77,0X19,0X77,0X19,0X86,0XD8,0X00,0X40,0XFF,0XFF,
0XFF,0XFF,0X00,0X00,0X00,0X00,0X00,0X00,0X00,0X00,0X00,0X00,0X00,0X00,0X00,0X00,
0X00,0X00,0X00,0X00,0X00,0X00,0X00,0X00,0X00,0X00,0X00,0X00,0X00,0X00,0XFF,0XFF,
0XFF,0XFF,0X00,0X40,0X96,0X98,0X7E,0XD8,0X7E,0XF8,0X7E,0XF8,0X7E,0XF9,0X7E,0XF8,
0X7E,0XF9,0X7E,0XF8,0X7E,0XF9,0X7E,0XF8,0X7E,0XF9,0X7E,0XF8,0X7E,0XF9,0X7E,0XF8,
0X7E,0XD8,0X8E,0X98,0X00,0X40,0XFF,0XFF,0XFF,0XFF,0X00,0X00,0X00,0X00,0X00,0X00,
0X00,0X00,0X00,0X00,0X00,0X00,0X00,0X00,0X00,0X00,0X00,0X00,0X00,0X00,0X00,0X00,
0X00,0X00,0X00,0X00,0X00,0X00,0XFF,0XFF,0XFF,0XFF,0X00,0X20,0X00,0X80,0X34,0X2E,
0X34,0X4E,0X2C,0X4E,0X2C,0X4E,0X2C,0X4E,0X2C,0X4E,0X2C,0X4E,0X2C,0X4E,0X2C,0X4E,
0X2C,0X4E,0X2C,0X4E,0X2C,0X4E,0X34,0X4E,0X34,0X2E,0X00,0X80,0X00,0X20,0XFF,0XFF,
0XFF,0XFF,0X00,0X00,0X00,0X00,0X00,0X00,0X00,0X00,0X00,0X00,0X00,0X00,0X00,0X00,
0X00,0X00,0X00,0X00,0X00,0X00,0X00,0X00,0X00,0X00,0X00,0X00,0X00,0X00,0XFF,0XFF,
0XFF,0XFF,0X00,0X20,0X0A,0X06,0X2B,0XCC,0X23,0XCD,0X23,0XCD,0X23,0XED,0X23,0XED,
0X23,0XED,0X23,0XED,0X23,0XED,0X23,0XED,0X23,0XED,0X23,0XED,0X23,0XED,0X23,0XCD,
0X23,0XCD,0X02,0X06,0X00,0X20,0XFF,0XFF,0XFF,0XFF,0X00,0X00,0X00,0X00,0X00,0X00,
0X00,0X00,0X00,0X00,0X00,0X00,0X00,0X00,0X00,0X00,0X00,0X00,0X00,0X00,0X00,0X00,
0X00,0X00,0X00,0X00,0X00,0X00,0XFF,0XFF,0XFF,0XFF,0X00,0X20,0X65,0X12,0X86,0XD8,
0X7E,0XD9,0X7E,0XF9,0X7E,0XF9,0X7E,0XF8,0X7E,0XF9,0X7E,0XF8,0X7E,0XF9,0X7E,0XF9,
0X7E,0XF9,0X7E,0XF9,0X7E,0XF9,0X7E,0XD8,0X86,0XD8,0X96,0X98,0X00,0X40,0XFF,0XFF,
0XFF,0XFF,0X00,0X00,0X00,0X00,0X00,0X00,0X00,0X00,0X00,0X00,0X00,0X00,0X00,0X00,
0X00,0X00,0X00,0X00,0X00,0X00,0X00,0X00,0X00,0X00,0X00,0X00,0X00,0X00,0XFF,0XFF,
0XFF,0XFF,0X00,0X40,0X86,0XB8,0X77,0X19,0X77,0X19,0X77,0X19,0X77,0X19,0X77,0X19,
0X77,0X19,0X77,0X19,0X77,0X19,0X77,0X19,0X77,0X19,0X77,0X19,0X77,0X19,0X77,0X19,
0X76,0XF9,0X8E,0XB8,0X00,0X40,0XFF,0XFF,0XFF,0XFF,0X00,0X00,0X00,0X00,0X00,0X00,
0X00,0X00,0X00,0X00,0X00,0X00,0X00,0X00,0X00,0X00,0X00,0X00,0X00,0X00,0X00,0X00,
0X00,0X00,0X00,0X00,0X00,0X00,0XFF,0XFF,0XFF,0XFF,0X00,0X40,0X96,0X98,0X7E,0XD8,
0X7E,0XD9,0X7E,0XD8,0X7E,0XD9,0X7E,0XD8,0X7E,0XD9,0X7E,0XD8,0X7E,0XD9,0X7E,0XD9,
0X7E,0XD9,0X7E,0XD9,0X7E,0XD9,0X7E,0XD8,0X86,0XD8,0X65,0X12,0X00,0X20,0XFF,0XFF,
0XFF,0XFF,0X00,0X00,0X00,0X00,0X00,0X00,0X00,0X00,0X00,0X00,0X00,0X00,0X00,0X00,
0X00,0X00,0X00,0X00,0X00,0X00,0X00,0X00,0X00,0X00,0X00,0X00,0X00,0X00,0XFF,0XFF,
0XFF,0XFF,0X00,0X00,0X00,0X40,0X11,0XC6,0X11,0XC6,0X11,0XE6,0X11,0XE6,0X11,0XE6,
0X11,0XE6,0X11,0XE6,0X11,0XE6,0X11,0XE6,0X11,0XE6,0X11,0XE6,0X11,0XE6,0X11,0XE6,
0X11,0XC6,0X00,0X40,0X00,0X20,0XFF,0XFF,0XFF,0XFF,0X00,0X00,0X00,0X00,0X00,0X00,
0X00,0X00,0X00,0X00,0X00,0X00,0X00,0X00,0X00,0X00,0X00,0X00,0X00,0X00,0X00,0X00,
0X00,0X00,0X00,0X00,0X00,0X00,0XFF,0XFF,0XFF,0XFF,0X00,0X00,0X00,0X00,0X00,0X00,
0X00,0X00,0X00,0X20,0X00,0X00,0X00,0X20,0X00,0X00,0X00,0X00,0X00,0X00,0X00,0X00,
0X00,0X00,0X00,0X00,0X00,0X00,0X00,0X00,0X00,0X00,0X00,0X00,0X00,0X00,0XFF,0XFF,
0XFF,0XFF,0X00,0X00,0X00,0X00,0X00,0X00,0X00,0X00,0X00,0X00,0X00,0X00,0X00,0X00,
0X00,0X00,0X00,0X00,0X00,0X00,0X00,0X00,0X00,0X00,0X00,0X00,0X00,0X00,0XFF,0XFF,
0XFF,0XFF,0XCE,0X79,0XCE,0X79,0XCE,0X99,0XCE,0X99,0XCE,0X99,0XCE,0X99,0XCE,0X99,
0XCE,0X99,0XCE,0X99,0XCE,0X99,0XCE,0X99,0XCE,0X99,0XCE,0X99,0XCE,0X99,0XCE,0X99,
0XCE,0X99,0XCE,0X99,0XCE,0X79,0XFF,0XFF,0XFF,0XFF,0X00,0X00,0X00,0X00,0X00,0X00,
0X00,0X00,0X00,0X00,0X00,0X00,0X00,0X00,0X00,0X00,0X00,0X00,0X00,0X00,0X00,0X00,
0X00,0X00,0X00,0X00,0X00,0X00,0XD6,0X9A,0XFF,0XFF,0XFF,0XFF,0XFF,0XFF,0XFF,0XFF,
0XFF,0XFF,0XFF,0XFF,0XFF,0XFF,0XFF,0XFF,0XFF,0XFF,0XFF,0XFF,0XFF,0XFF,0XFF,0XFF,
0XFF,0XFF,0XFF,0XFF,0XFF,0XFF,0XFF,0XFF,0XFF,0XFF,0XFF,0XFF,0XFF,0XFF,0XFF,0XFF,
0XFF,0XFF,0X00,0X00,0X00,0X00,0X00,0X00,0X00,0X00,0X00,0X00,0X00,0X00,0X00,0X00,
0X00,0X00,0X00,0X00,0X00,0X00,0X00,0X00,0X00,0X00,0X00,0X00,0X00,0X00,0X00,0X00,
0X42,0X08,0X42,0X08,0X42,0X08,0X42,0X08,0X42,0X08,0X42,0X08,0X42,0X08,0X42,0X08,
0X42,0X08,0X42,0X08,0X42,0X08,0X42,0X08,0X42,0X08,0X42,0X08,0X42,0X08,0X42,0X08,
0X42,0X08,0X42,0X08,0X42,0X08,0X42,0X08,0X00,0X00,0X00,0X00,0X00,0X00,0X00,0X00,
0X00,0X00,0X00,0X00,0X00,0X00,0X00,0X00,0X00,0X00,0X00,0X00,0X00,0X00,0X00,0X00,
0X00,0X00,0X00,0X00,0X00,0X00,0X00,0X00,0X00,0X00,0X00,0X00,0X00,0X00,0X00,0X00,
0X00,0X00,0X00,0X00,0X00,0X00,0X00,0X00,0X00,0X00,0X00,0X00,0X00,0X00,0X00,0X00,
0X00,0X00,0X00,0X00,0X00,0X00,0X00,0X00,0X00,0X00,0X00,0X00,0X00,0X00,0X00,0X00,
0X00,0X00,0X00,0X00,0X00,0X00,0X00,0X00,0X00,0X00,0X00,0X00,0X00,0X00,0X00,0X00,
}
};


const unsigned char gImage_Bat[][190] = { /* 0X18,0X08,0X00,0X13,0X00,0X0A, */
{
0X6D,0XB6,0XFF,0XFF,0XFF,0XFF,0XFF,0XFF,0XFF,0XFF,0XFF,0XFF,0XFF,0XFF,0XFF,0XFF,
0XFF,0X92,0X00,0XFF,0X8D,0X00,0X00,0X00,0X00,0X00,0X00,0X00,0X00,0X00,0X00,0X00,
0X00,0X00,0X00,0X92,0XFF,0X00,0XFF,0X44,0XAD,0XAD,0X00,0X00,0X00,0X00,0X00,0X00,
0X00,0X00,0X00,0X00,0X00,0X00,0X00,0XFF,0X00,0XFF,0X44,0XCD,0XCD,0X00,0X00,0X00,
0X00,0X00,0X00,0X00,0X00,0X00,0X00,0X00,0X00,0X00,0XFF,0X49,0XFF,0X44,0XCD,0XCD,
0X00,0X00,0X00,0X00,0X00,0X00,0X00,0X00,0X00,0X00,0X00,0X00,0X00,0XFF,0XB6,0XFF,
0X44,0XCD,0XCD,0X00,0X00,0X00,0X00,0X00,0X00,0X00,0X00,0X00,0X00,0X00,0X00,0X00,
0XFF,0X92,0XFF,0X44,0XCD,0XCD,0X00,0X00,0X00,0X00,0X00,0X00,0X00,0X00,0X00,0X00,
0X00,0X00,0X00,0XFF,0X49,0XFF,0X44,0XCD,0XCD,0X00,0X00,0X00,0X00,0X00,0X00,0X00,
0X00,0X00,0X00,0X00,0X00,0X00,0XFF,0X00,0XDA,0X8D,0X00,0X00,0X00,0X00,0X00,0X00,
0X00,0X00,0X00,0X00,0X00,0X00,0X00,0X00,0X49,0XFF,0X00,0X91,0XFF,0XFF,0XFF,0XFF,
0XFF,0XFF,0XFF,0XFF,0XFF,0XFF,0XFF,0XFF,0XFF,0XFF,0XFF,0XB6,0X92,0X00},
{
0X92,0XB6,0XFF,0XFF,0XFF,0XFF,0XFF,0XFF,0XFF,0XFF,0XFF,0XFF,0XFF,0XFF,0XFF,0XFF,
0XFF,0X92,0X00,0XFF,0X91,0X00,0X00,0X00,0X00,0X00,0X00,0X00,0X00,0X00,0X00,0X00,
0X00,0X00,0X00,0X92,0XFF,0X00,0XFF,0X48,0XD6,0XD6,0XD6,0XD6,0XD6,0X00,0X00,0X00,
0X00,0X00,0X00,0X00,0X00,0X00,0X00,0XFF,0X00,0XFF,0X44,0XD6,0XF5,0XF5,0XF5,0XD6,
0X00,0X00,0X00,0X00,0X00,0X00,0X00,0X00,0X00,0X00,0XFF,0X49,0XFF,0X44,0XD6,0XF5,
0XF5,0XF5,0XD6,0X00,0X00,0X00,0X00,0X00,0X00,0X00,0X00,0X00,0X00,0XFF,0XB6,0XFF,
0X44,0XD6,0XF5,0XF5,0XF5,0XD6,0X00,0X00,0X00,0X00,0X00,0X00,0X00,0X00,0X00,0X00,
0XFF,0X92,0XFF,0X44,0XD6,0XF5,0XF5,0XF5,0XD6,0X00,0X00,0X00,0X00,0X00,0X00,0X00,
0X00,0X00,0X00,0XFF,0X49,0XFF,0X48,0XD6,0XD6,0XD6,0XD6,0XD6,0X00,0X00,0X00,0X00,
0X00,0X00,0X00,0X00,0X00,0X00,0XFF,0X00,0XDB,0X91,0X00,0X00,0X00,0X00,0X00,0X00,
0X00,0X00,0X00,0X00,0X00,0X00,0X00,0X00,0X49,0XFF,0X00,0X92,0XFF,0XFF,0XFF,0XFF,
0XFF,0XFF,0XFF,0XFF,0XFF,0XFF,0XFF,0XFF,0XFF,0XFF,0XFF,0XB6,0X92,0X00},
{
0X6D,0XB6,0XFF,0XFF,0XFF,0XFF,0XFF,0XFF,0XFF,0XFF,0XFF,0XFF,0XFF,0XFF,0XFF,0XFF,
0XFF,0X92,0X00,0XFF,0X71,0X00,0X00,0X00,0X00,0X00,0X00,0X00,0X00,0X00,0X00,0X00,
0X00,0X00,0X00,0X92,0XFF,0X00,0XFF,0X28,0XBA,0XBA,0XBA,0XBA,0XBA,0XBA,0XBA,0XBA,
0XBA,0X00,0X00,0X00,0X00,0X00,0X00,0XFF,0X00,0XFF,0X28,0XBA,0X9D,0X9D,0X9D,0X9D,
0X9D,0X9D,0X9D,0XBA,0X00,0X00,0X00,0X00,0X00,0X00,0XFF,0X49,0XFF,0X28,0XBA,0X9D,
0X9D,0X9D,0X9D,0X9D,0X9D,0X9D,0XBA,0X00,0X00,0X00,0X00,0X00,0X00,0XFF,0XB6,0XFF,
0X28,0XBA,0X9D,0X9D,0X9D,0X9D,0X9D,0X9D,0X9D,0XBA,0X00,0X00,0X00,0X00,0X00,0X00,
0XFF,0X92,0XFF,0X28,0XBA,0X9D,0X9D,0X9D,0X9D,0X9D,0X9D,0X9D,0XBA,0X00,0X00,0X00,
0X00,0X00,0X00,0XFF,0X49,0XFF,0X28,0XBA,0XBA,0XBA,0XBA,0XBA,0XBA,0XBA,0XBA,0XBA,
0X00,0X00,0X00,0X00,0X00,0X00,0XFF,0X00,0XDB,0X71,0X00,0X00,0X00,0X00,0X00,0X00,
0X00,0X00,0X00,0X00,0X00,0X00,0X00,0X00,0X49,0XFF,0X00,0X92,0XFF,0XFF,0XFF,0XFF,
0XFF,0XFF,0XFF,0XFF,0XFF,0XFF,0XFF,0XFF,0XFF,0XFF,0XFF,0XB6,0X92,0X00},
{
0X6D,0XB6,0XFF,0XFF,0XFF,0XFF,0XFF,0XFF,0XFF,0XFF,0XFF,0XFF,0XFF,0XFF,0XFF,0XFF,
0XFF,0X92,0X00,0XFF,0X71,0X00,0X00,0X00,0X00,0X00,0X00,0X00,0X00,0X00,0X00,0X00,
0X00,0X00,0X00,0X92,0XFF,0X00,0XFF,0X28,0X9A,0X7A,0X9A,0X9A,0X9A,0X7A,0X9A,0X7A,
0X9A,0X7A,0X9A,0X9A,0X00,0X00,0X00,0XFF,0X00,0XFF,0X28,0X9A,0X7E,0X7E,0X7E,0X7E,
0X7E,0X7E,0X7E,0X7E,0X7E,0X7E,0X7A,0X00,0X00,0X00,0XFF,0X49,0XFF,0X28,0X9A,0X7E,
0X7E,0X7E,0X7E,0X7E,0X7E,0X7E,0X7E,0X7E,0X7E,0X7A,0X00,0X00,0X00,0XFF,0XB6,0XFF,
0X28,0X9A,0X7E,0X7E,0X7E,0X7E,0X7E,0X7E,0X7E,0X7E,0X7E,0X7E,0X7A,0X00,0X00,0X00,
0XFF,0X92,0XFF,0X28,0X9A,0X7E,0X7E,0X7E,0X7E,0X7E,0X7E,0X7E,0X7E,0X7E,0X7E,0X7A,
0X00,0X00,0X00,0XFF,0X49,0XFF,0X28,0X9A,0X7A,0X9A,0X7A,0X9A,0X7A,0X9A,0X7A,0X9A,
0X7A,0X9A,0X9A,0X00,0X00,0X00,0XFF,0X00,0XDB,0X71,0X00,0X00,0X00,0X00,0X00,0X00,
0X00,0X00,0X00,0X00,0X00,0X00,0X00,0X00,0X49,0XFF,0X00,0X92,0XFF,0XFF,0XFF,0XFF,
0XFF,0XFF,0XFF,0XFF,0XFF,0XFF,0XFF,0XFF,0XFF,0XFF,0XFF,0XB6,0X92,0X00},
{
0X92,0XB6,0XFF,0XFF,0XFF,0XFF,0XFF,0XFF,0XFF,0XFF,0XFF,0XFF,0XFF,0XFF,0XFF,0XFF,
0XFF,0X92,0X00,0XFF,0X72,0X00,0X00,0X00,0X00,0X00,0X00,0X00,0X00,0X00,0X00,0X00,
0X00,0X00,0X00,0X72,0XFF,0X00,0XFF,0X29,0X9B,0X9B,0X9B,0X9B,0X9B,0X9B,0X9B,0X7B,
0X9B,0X9B,0X9B,0X9B,0X9B,0X9B,0X00,0XFF,0X00,0XFF,0X29,0X9B,0X7F,0X7F,0X7F,0X7F,
0X7F,0X7F,0X7F,0X7F,0X7F,0X7F,0X7F,0X7F,0X9B,0X00,0XFF,0X49,0XFF,0X29,0X9B,0X7F,
0X7F,0X7F,0X7F,0X7F,0X7F,0X7F,0X7F,0X7F,0X7F,0X7F,0X7F,0X9B,0X00,0XFF,0XB6,0XFF,
0X29,0X9B,0X7F,0X7F,0X7F,0X7F,0X7F,0X7F,0X7F,0X7F,0X7F,0X7F,0X7F,0X7F,0X9B,0X00,
0XFF,0X92,0XFF,0X29,0X9B,0X7F,0X7F,0X7F,0X7F,0X7F,0X7F,0X7F,0X7F,0X7F,0X7F,0X7F,
0X7F,0X9B,0X00,0XFF,0X49,0XFF,0X29,0X9B,0X9B,0X9B,0X9B,0X9B,0X9B,0X9B,0X9B,0X9B,
0X9B,0X9B,0X9B,0X9B,0X9B,0X00,0XFF,0X00,0XDB,0X72,0X00,0X00,0X00,0X00,0X00,0X00,
0X00,0X00,0X00,0X00,0X00,0X00,0X00,0X00,0X29,0XFF,0X00,0X92,0XFF,0XFF,0XFF,0XFF,
0XFF,0XFF,0XFF,0XFF,0XFF,0XFF,0XFF,0XFF,0XFF,0XFF,0XFF,0XB6,0X92,0X00
}
};

